tree_x,tree_y,species,dbh
581426.716,5074521.662,TSHE,23.3
581415.452,5074523.828,ABGR,62.7
581411.407,5074525.371,TSHE,112.6
581421.654,5074525.866,ABGR,71.1
581422.893,5074525.554,TSHE,24.5
581422.506,5074525.716,TSHE,11.7
581419.829,5074529.119,TSHE,22.0
581412.69,5074533.881,TABR,7.8
581411.146,5074534.349,THPL,126.4
581414.9,5074533.231,TSHE,28.5
581424.112,5074528.596,TSHE,64.4
581412.062,5074538.304,TSHE,5.6
581431.329,5074524.32,TSHE,14.4
581429.186,5074525.981,PSME,86.3
581411.433,5074540.707,ABGR,47.9
581417.711,5074535.449,TABR,10.4
581412.663,5074542.048,ABGR,59.7
581426.056,5074529.465,TSHE,7.7
581427.69,5074528.922,ABGR,21.8
581421.378,5074535.185,TSHE,50.6
581418.185,5074542.781,TSHE,31.5
581420.982,5074539.887,TSHE,53.9
581419.431,5074544.35,TSHE,5.9
581428.812,5074529.696,TSHE,7.7
581429.167,5074529.971,TSHE,8.1
581429.43,5074531.711,TSHE,12.0
581434.292,5074522.654,TSHE,27.5
581429.535,5074535.555,NA'(,41.0
581430.174,5074534.714,TSHE,17.1
581432.771,5074528.423,PSME,17.8
581427.67,5074542.933,TSHE,16.4
581432.021,5074532.045,TSHE,6.5
581430.509,5074536.772,TSHE,67.4
581431.42,5074536.924,NA'(,58.7
581433.059,5074542.328,NA'(,55.5
581419.325,5074546.237,TSHE,13.6
581412.347,5074546.447,TSHE,77.9
581411.284,5074546.695,TABR,7.5
581417.265,5074548.255,TSHE,19.1
581430.476,5074547.305,PSME,144.0
581419.887,5074550.024,TSHE,22.2
581421.166,5074550.572,PSME,60.2
581412.25,5074557.416,THPL,11.0
581410.98,5074560.043,TABR,5.0
581411.175,5074560.074,TABR,24.3
581411.868,5074562.298,TSHE,56.1
581421.918,5074555.263,TSHE,7.0
581432.734,5074547.703,TSHE,42.1
581432.559,5074547.897,TSHE,7.4
581427.696,5074555.569,TSHE,8.1
581427.235,5074556.333,THPL,22.7
581414.746,5074570.173,PSME,79.9
581416.763,5074569.431,TSHE,40.8
581423.111,5074565.671,PSME,77.8
581424.986,5074565.078,THPL,106.0
581428.399,5074558.891,ABGR,55.9
581425.77,5074569.906,TABR,5.3
581429.878,5074556.865,TSHE,10.7
581430.643,5074564.369,TSHE,13.1
581430.064,5074567.599,TABR,17.4
581432.441,5074563.833,PSME,126.4
581456.74,5074546.373,PSME,78.9
581455.149,5074546.345,PSME,75.1
581445.068,5074546.976,TSHE,5.4
581443.059,5074547.075,TSHE,5.2
581441.542,5074548.047,TSHE,13.6
581441.683,5074548.541,TABR,5.7
581441.905,5074549.515,TABR,21.5
581435.829,5074553.613,TSHE,11.0
581447.514,5074550.153,TABR,22.5
581451.141,5074548.99,TABR,22.8
581454.695,5074547.587,PSME,122.2
581435.902,5074559.49,TABR,6.2
581436.144,5074559.314,TABR,32.1
581440.65,5074557.345,ABGR,27.8
581445.162,5074555.449,THPL,9.1
581444.728,5074557.292,TSHE,70.0
581453.801,5074551.398,PSME,131.0
581457.902,5074548.777,TABR,6.3
581437.996,5074568.378,TSHE,11.2
581437.757,5074569.78,TSHE,18.1
581436.897,5074570.65,TSHE,7.3
581442.594,5074565.563,PSME,76.3
581445.172,5074564.669,PSME,108.7
581447.632,5074565.307,TABR,38.7
581454.889,5074555.12,TABR,31.7
581452.244,5074564.881,TSHE,9.7
581458.109,5074557.678,TABR,29.8
581457.823,5074559.761,TSHE,5.4
581457.956,5074560.765,THPL,7.1
581457.521,5074520.832,PSME,166.2
581441.528,5074523.081,THPL,8.8
581450.483,5074522.545,TABR,8.7
581447.891,5074522.963,TABR,14.3
581436.969,5074528.592,PSME,54.7
581435.649,5074529.878,TSHE,40.8
581446.065,5074525.978,TABR,11.5
581448.186,5074525.845,PSME,101.0
581443.597,5074527.801,ABGR,55.1
581442.244,5074528.036,TABR,9.9
581446.114,5074527.274,ABGR,26.4
581445.953,5074527.916,TSHE,8.2
581447.264,5074528.691,TSHE,26.0
581443.752,5074530.724,TABR,8.7
581450.425,5074527.067,TSHE,13.9
581437.786,5074535.148,TSHE,5.9
581446.631,5074531.205,TABR,28.6
581443.58,5074534.061,TABR,9.0
581440.904,5074537.121,TSHE,5.6
581442.198,5074538.8,TSHE,8.6
581438.013,5074543.715,PIMO,114.5
581450.76,5074530.881,TABR,19.0
581456.561,5074526.363,PSME,57.8
581449.781,5074541.355,THPL,92.9
581448.977,5074543.073,TSHE,5.0
581454.767,5074532.324,PSME,47.9
581453.307,5074540.563,TSHE,5.8
581458.728,5074525.439,TSHE,61.2
581456.151,5074538.038,THPL,122.5
581456.372,5074539.147,TSHE,9.7
581458.395,5074538.987,TSHE,7.4
581458.569,5074537.888,TSHE,6.4
581458.483,5074537.154,TSHE,6.7
581426.494,5074571.041,TSHE,11.2
581416.118,5074571.357,TSHE,16.2
581412.964,5074572.292,TABR,80.0
581424.515,5074572.807,THPL,73.8
581429.96,5074572.356,TABR,14.7
581423.289,5074573.691,TSHE,10.1
581421.663,5074574.347,PSME,71.9
581416.491,5074575.705,TABR,18.4
581423.448,5074573.967,TSHE,6.8
581422.329,5074576.835,TABR,16.9
581428.329,5074574.577,PSME,140.6
581415.687,5074580.299,TABR,12.5
581427.031,5074575.769,THPL,80.7
581417.076,5074582.115,THPL,142.9
581419.079,5074581.385,TSHE,5.3
581414.533,5074583.564,TSHE,9.2
581431.809,5074573.6,PSME,124.0
581420.195,5074582.892,TSHE,15.9
581415.84,5074585.414,PSME,111.1
581415.003,5074586.603,TABR,17.7
581420.509,5074584.35,TSHE,6.8
581433.007,5074573.734,TSHE,14.9
581415.434,5074592.785,PSME,84.4
581420.049,5074589.028,THPL,85.2
581421.168,5074589.401,THPL,8.9
581419.972,5074594.011,NA'(,45.0
581428.542,5074584.633,TSHE,12.0
581429.927,5074583.481,TSHE,5.8
581431.191,5074582.513,TSHE,10.2
581429.165,5074588.377,TSHE,5.5
581429.432,5074587.871,TSHE,7.7
581430.075,5074593.692,THPL,71.1
581433.099,5074581.598,THPL,82.2
581434.514,5074577.345,TSHE,12.8
581438.737,5074573.447,PSME,77.7
581437.853,5074572.964,TSHE,30.1
581442.706,5074575.309,TABR,19.8
581443.174,5074576.481,PSME,144.2
581437.244,5074577.935,TABR,23.8
581454.927,5074573.705,PSME,137.8
581441.83,5074581.755,TABR,32.0
581435.679,5074588.865,TSHE,59.1
581435.293,5074590.196,THPL,92.9
581438.859,5074587.952,THPL,23.2
581444.83,5074583.309,PSME,94.5
581435.517,5074591.36,TSHE,6.5
581435.399,5074592.966,THPL,32.5
581444.177,5074587.857,TABR,12.3
581450.201,5074583.039,PSME,148.2
581448.265,5074586.341,THPL,38.8
581458.169,5074575.491,THPL,10.3
581457.528,5074578.227,TSHE,82.8
581453.76,5074591.4,TSHE,6.0
581456.85,5074584.115,TSHE,6.2
581455.675,5074595.496,TABR,15.3
581459.498,5074581.863,THPL,26.5
581470.805,5074572.246,TABR,8.6
581460.641,5074571.474,TSHE,30.6
581461.217,5074574.032,PSME,123.1
581463.455,5074576.459,TSHE,59.2
581460.526,5074577.972,THPL,18.2
581473.359,5074575.025,THPL,128.0
581473.121,5074576.181,PSME,81.5
581465.102,5074579.578,TSHE,32.3
581471.593,5074578.733,TSHE,9.1
581470.944,5074579.565,PSME,70.1
581461.91,5074585.984,TABR,19.9
581471.336,5074580.374,TSHE,80.1
581475.495,5074578.344,PSME,40.5
581477.074,5074577.609,THPL,44.0
581478.061,5074577.643,THPL,146.5
581474.337,5074582.751,TSHE,34.6
581467.198,5074595.087,TSHE,54.1
581469.711,5074594.394,TSHE,22.2
581483.384,5074573.658,TABR,10.4
581473.565,5074592.56,TABR,14.2
581477.657,5074586.666,THPL,182.5
581477.217,5074587.619,THPL,23.3
581474.462,5074593.602,THPL,127.9
581476.749,5074593.609,PSME,154.4
581480.933,5074584.006,TABR,13.4
581481.262,5074589.201,PSME,84.1
581481.087,5074595.587,PSME,106.4
581483.326,5074587.767,THPL,70.6
581482.187,5074546.47,TSHE,39.7
581463.181,5074547.863,PSME,125.6
581461.307,5074550.475,THPL,75.0
581461.169,5074551.174,TSHE,13.4
581461.257,5074551.621,TSHE,5.2
581476.913,5074548.156,PSME,128.0
581477.741,5074548.618,TSHE,44.5
581476.687,5074549.054,TSHE,23.5
581467.391,5074552.842,TABR,5.1
581465.735,5074555.611,THPL,113.5
581466.112,5074557.688,TABR,6.2
581473.837,5074552.37,PSME,84.6
581470.02,5074558.271,TSHE,23.4
581475.536,5074554.943,ABAM,31.1
581467.791,5074564.361,TABR,12.1
581464.736,5074568.301,TABR,10.4
581478.388,5074554.019,PSME,40.6
581474.636,5074559.299,NA'(,60.0
581467.92,5074568.701,TSHE,34.6
581478.899,5074554.7,TSHE,40.3
581478.801,5074555.37,TSHE,22.7
581468.654,5074569.845,TABR,7.8
581469.436,5074569.909,TSHE,32.6
581480.345,5074555.059,PSME,120.4
581472.337,5074568.423,THPL,178.6
581475.738,5074568.286,TABR,20.7
581478.922,5074562.473,TABR,27.3
581479.414,5074565.109,TSHE,11.7
581480.737,5074568.447,TABR,13.8
581482.687,5074562.329,TSHE,80.9
581482.55,5074568.535,TABR,6.7
581485.298,5074565.664,TSHE,6.4
581485.109,5074562.256,NA'(,41.3
581467.47,5074521.168,TSHE,25.5
581480.237,5074522.358,PSME,136.4
581463.019,5074523.577,TSHE,7.4
581460.151,5074526.87,TABR,11.1
581468.777,5074527.467,TSHE,10.5
581467.633,5074529.896,TSHE,6.8
581463.933,5074531.595,TSHE,16.0
581466.103,5074532.74,TSHE,76.3
581463.543,5074534.935,TSHE,16.5
581474.428,5074527.496,TSHE,22.7
581469.316,5074532.54,TSHE,5.2
581462.62,5074539.046,TABR,7.2
581467.837,5074538.203,TSHE,20.3
581466.81,5074542.007,TSHE,49.8
581475.317,5074534.153,TSHE,5.9
581475.209,5074535.435,TSHE,21.4
581475.301,5074536.543,TSHE,31.1
581482.463,5074524.725,TSHE,59.0
581479.27,5074531.254,ABGR,76.5
581475.801,5074538.596,TSHE,92.5
581479.237,5074532.556,TSHE,17.8
581480.282,5074532.143,TSHE,13.2
581483.35,5074524.331,TABR,9.8
581411.018,5074597.534,PSME,70.0
581425.116,5074597.719,PSME,124.0
581411.056,5074599.461,PSME,84.3
581423.297,5074599.113,TSHE,60.2
581415.741,5074602.358,TSHE,93.3
581420.179,5074602.88,TSHE,35.3
581419.197,5074603.479,TSHE,12.7
581411.061,5074608.138,THPL,90.4
581424.656,5074602.499,TSHE,78.5
581422.896,5074606.006,TSHE,12.8
581417.449,5074613.311,TSHE,57.4
581416.018,5074616.991,THPL,7.1
581416.547,5074620.787,PSME,21.6
581426.152,5074609.473,TSHE,39.2
581427.772,5074608.161,PSME,82.3
581421.544,5074619.854,TSHE,36.2
581425.867,5074613.497,TSHE,57.0
581423.383,5074619.873,TABR,7.5
581428.872,5074611.08,PSME,35.7
581427.091,5074618.706,PSME,144.4
581429.076,5074613.504,TSHE,9.1
581432.08,5074609.083,PSME,70.6
581430.644,5074615.32,TSHE,33.6
581432.066,5074611.801,TSHE,61.9
581431.288,5074617.541,TSHE,20.7
581434.716,5074609.591,TSHE,13.0
581448.996,5074596.549,TSHE,32.6
581442.965,5074599.915,THPL,50.4
581439.892,5074601.674,THPL,182.2
581441.473,5074602.074,TSHE,22.3
581435.098,5074607.144,PSME,75.3
581435.051,5074609.963,TSHE,32.7
581437.177,5074608.792,TSHE,41.7
581448.913,5074603.935,TSHE,33.5
581436.035,5074612.523,TSHE,16.5
581448.533,5074605.266,PSME,86.3
581446.868,5074607.38,PSME,112.0
581449.909,5074606.108,TSHE,35.1
581436.502,5074619.726,TSHE,9.6
581454.072,5074602.759,PSME,82.7
581454.653,5074603.747,TSHE,68.1
581452.708,5074608.297,PSME,74.6
581452.743,5074610.08,PSME,25.9
581452.596,5074610.616,TSHE,11.2
581454.525,5074610.21,THPL,127.4
581454.601,5074611.741,TSHE,11.7
581456.699,5074616.046,TSHE,8.2
581458.743,5074606.449,TSHE,30.0
581458.83,5074611.512,TSHE,14.2
581471.894,5074596.987,PSME,121.0
581476.28,5074596.689,TSHE,12.1
581477.502,5074598.729,TSHE,13.3
581463.099,5074600.198,TABR,13.3
581464.349,5074602.925,PSME,147.4
581468.967,5074602.025,THPL,45.5
581461.292,5074609.514,TSHE,28.5
581460.045,5074612.523,TSHE,35.6
581470.984,5074604.757,PSME,121.1
581465.865,5074608.609,TSHE,14.0
581468.724,5074607.619,TSHE,65.4
581471.474,5074605.666,TSHE,10.5
581461.973,5074615.515,TSHE,21.8
581472.399,5074606.95,TSHE,38.2
581462.165,5074618.283,THPL,75.7
581462.953,5074619.022,THPL,130.6
581481.835,5074600.201,PSME,91.6
581478.771,5074605.33,THPL,58.8
581472.993,5074616.097,TSHE,74.9
581473.249,5074617.287,TSHE,13.8
581475.753,5074616.365,TSHE,35.7
581481.603,5074612.049,THPL,11.0
581494.649,5074595.693,TSHE,64.9
581491.677,5074596.057,TSHE,35.4
581499.529,5074597.731,TSHE,72.7
581488.201,5074600.167,TSHE,33.1
581493.386,5074599.48,THPL,123.0
581501.488,5074598.744,TSHE,22.8
581506.815,5074596.996,THPL,160.0
581492.917,5074602.984,TSHE,53.7
581500.241,5074600.431,TSHE,33.8
581495.518,5074606.482,TSHE,21.3
581485.802,5074614.7,TSHE,10.2
581501.199,5074602.913,TSHE,16.0
581500.663,5074603.24,TSHE,26.1
581498.192,5074606.406,TSHE,77.0
581490.067,5074614.495,TSHE,26.0
581494.66,5074617.897,THPL,182.5
581498.454,5074612.686,PSME,180.2
581502.086,5074612.474,THPL,118.8
581505.254,5074606.862,THPL,155.0
581505.195,5074613.232,TSHE,18.3
581508.735,5074605.913,PSME,142.3
581507.316,5074619.886,TSHE,53.3
581509.491,5074607.126,TSHE,44.7
581500.144,5074571.258,TSHE,70.5
581487.649,5074573.945,TSHE,21.6
581488.115,5074575.219,TABR,7.5
581498.57,5074575.175,TABR,9.7
581485.698,5074587.227,TSHE,17.1
581492.399,5074583.331,THPL,66.4
581496.527,5074582.515,TSHE,14.8
581487.423,5074590.603,TSHE,21.1
581485.226,5074593.799,TSHE,48.7
581494.576,5074588.38,TSHE,99.4
581499.168,5074586.73,PSME,75.1
581506.335,5074576.421,TSHE,14.4
581501.127,5074584.56,PSME,91.8
581498.316,5074591.969,TABR,5.9
581507.555,5074580.6,PSME,52.2
581505.992,5074587.345,TABR,8.4
581506.43,5074593.005,TSHE,31.1
581509.601,5074580.246,THPL,23.6
581509.466,5074581.653,PSME,126.2
581508.994,5074583.767,TSHE,38.3
581509.732,5074586.052,NA'(,74.1
581488.202,5074546.265,PSME,60.2
581487.802,5074546.986,TSHE,34.5
581499.623,5074548.452,TSHE,63.4
581489.251,5074552.212,PSME,101.8
581490.171,5074554.257,TSHE,87.9
581496.577,5074554.518,TSHE,8.9
581505.11,5074548.969,TSHE,9.7
581487.005,5074563.655,PSME,44.1
581488.511,5074562.85,TABR,32.6
581495.076,5074557.894,TSHE,33.8
581506.211,5074549.474,TSHE,22.8
581509.048,5074546.862,TSHE,9.5
581497.725,5074557.79,TABR,16.1
581502.02,5074555.082,TSHE,18.3
581500.293,5074557.818,TSHE,22.7
581491.973,5074568.124,PSME,117.9
581491.457,5074569.415,THPL,123.4
581493.313,5074567.705,TSHE,24.0
581497.987,5074564.688,TABR,6.1
581500.651,5074563.733,PSME,125.1
581503.551,5074563.517,TSHE,110.5
581506.632,5074553.387,TSHE,6.1
581502.452,5074569.176,PSME,126.1
581506.397,5074557.261,PSME,92.0
581506.014,5074562.324,TSHE,13.6
581507.256,5074568.668,TSHE,22.8
581497.661,5074521.185,PSME,91.0
581486.692,5074525.988,TSHE,20.3
581493.645,5074526.633,ABAM,5.4
581498.021,5074525.449,TSHE,67.9
581486.936,5074536.162,TSHE,87.4
581503.412,5074526.858,TSHE,98.8
581491.326,5074536.429,TSHE,19.0
581490.572,5074538.709,TSHE,14.1
581486.393,5074546.025,PSME,109.0
581496.239,5074537.23,ABAM,6.5
581495.533,5074539.158,TSHE,7.6
581492.428,5074543.72,TSHE,99.5
581499.178,5074545.107,PSME,38.7
581504.11,5074533.431,PSME,33.7
581502.796,5074538.295,TSHE,78.6
581505.88,5074535.945,TSHE,15.5
581508.087,5074529.83,ABAM,5.6
581505.738,5074545.065,TSHE,66.5
581509.332,5074542.366,THPL,123.5
581490.879,5074526.715,TABR,7.0
581424.488,5074539.31,CONU,0.0
581444.074,5074620.203,TSHE,0.0
581422.253,5074497.592,PSME,90.9
581417.012,5074496.855,PSME,46.9
581413.92,5074499.687,TABR,26.4
581420.429,5074500.031,TSHE,56.9
581415.626,5074501.692,PIMO,111.0
581415.78,5074502.525,PSME,47.1
581413.711,5074506.395,TSHE,6.4
581410.836,5074508.034,TSHE,7.1
581416.08,5074507.471,TSHE,5.2
581413.313,5074510.485,TSHE,5.6
581411.333,5074513.297,TSHE,10.9
581415.218,5074511.712,TSHE,5.7
581418.052,5074514.996,PSME,73.5
581424.288,5074509.525,PSME,92.1
581417.715,5074518.712,TSHE,10.0
581420.959,5074514.183,TSHE,33.5
581424.669,5074510.23,TSHE,9.3
581422.314,5074515.06,TSHE,6.1
581419.189,5074520.172,TABR,19.4
581420.616,5074520.418,PSME,95.5
581423.388,5074516.782,ABGR,61.2
581425.121,5074513.751,TSHE,5.6
581424.471,5074516.862,TSHE,50.3
581433.151,5074499.864,PSME,80.0
581432.625,5074501.568,ABGR,32.1
581428.568,5074509.87,TABR,12.7
581426.78,5074513.352,TSHE,18.2
581425.912,5074516.469,TSHE,15.4
581429.159,5074510.187,TABR,12.8
581431.997,5074507.145,PSME,109.5
581429.715,5074512.288,TABR,29.5
581427.491,5074518.459,TSHE,5.5
581427.762,5074520.392,ABGR,62.5
581433.669,5074503.389,TSHE,5.6
581433.391,5074507.162,TSHE,6.9
581434.099,5074516.261,TABR,27.7
581434.195,5074519.295,PSME,110.8
581455.507,5074496.005,TSHE,22.1
581441.547,5074499.151,TABR,24.9
581447.097,5074499.531,TABR,5.5
581452.181,5074498.793,TSHE,70.0
581447.969,5074500.22,TABR,7.9
581447.539,5074501.052,TABR,7.4
581437.329,5074503.988,TABR,11.4
581440.51,5074503.871,TSHE,24.0
581447.78,5074502.706,ABAM,17.1
581450.119,5074502.745,PSME,129.5
581436.992,5074508.701,TSHE,96.6
581443.504,5074508.358,TSHE,16.5
581446.67,5074506.299,TSHE,22.2
581449.749,5074505.17,TABR,17.7
581454.813,5074500.89,THPL,7.6
581450.64,5074507.892,TABR,8.5
581444.14,5074516.535,TSHE,83.1
581450.801,5074510.628,PSME,71.8
581450.164,5074513.203,ABGR,45.6
581444.926,5074519.682,TABR,8.9
581445.911,5074518.927,TABR,6.5
581449.886,5074517.645,TSHE,36.2
581451.257,5074519.492,ABGR,66.9
581452.122,5074515.587,TABR,5.6
581454.256,5074509.871,ABAM,15.9
581457.409,5074502.15,ABGR,87.7
581458.522,5074500.235,CONU,5.1
581459.478,5074498.198,PSME,33.5
581458.585,5074501.891,TSHE,5.8
581458.469,5074502.351,TSHE,18.6
581460.062,5074498.61,PSME,85.9
581459.931,5074509.868,TSHE,6.8
581459.157,5074470.997,TABR,17.4
581456.104,5074472.087,TSHE,38.9
581442.811,5074471.985,TABR,13.8
581436.649,5074472.501,TSHE,13.6
581435.324,5074474.111,TSHE,27.5
581435.775,5074475.65,TABR,5.7
581441.088,5074474.534,ABGR,38.2
581440.776,5074475.217,TABR,19.4
581438.318,5074475.93,TSHE,10.4
581443.67,5074475.949,TABR,9.0
581436.622,5074480.253,PSME,113.5
581449.381,5074475.162,PSME,94.4
581445.985,5074476.807,PSME,89.6
581443.02,5074479.395,TSHE,14.3
581436.903,5074482.593,PSME,62.3
581436.822,5074483.634,TSHE,29.7
581435.928,5074484.442,TSHE,6.6
581446.3,5074479.432,TABR,8.5
581444.172,5074481.618,TSHE,24.9
581436.918,5074485.348,TSHE,6.0
581437.749,5074485.885,TSHE,5.0
581439.198,5074484.748,TSHE,23.2
581436.739,5074487.989,ABGR,47.5
581447.59,5074480.512,TSHE,9.1
581450.171,5074480.675,TSHE,9.0
581440.484,5074487.416,TSHE,5.6
581439.777,5074488.036,NA'(,89.0
581438.545,5074494.802,THPL,104.5
581443.97,5074495.206,TSHE,14.7
581444.278,5074495.031,TSHE,8.1
581445.273,5074494.983,TSHE,6.4
581445.708,5074495.324,TSHE,5.9
581450.661,5074487.987,PSME,154.0
581451.323,5074490.368,TABR,8.4
581451.539,5074489.773,THPL,63.5
581458.592,5074474.461,PSME,60.8
581449.273,5074494.916,TSHE,13.2
581453.706,5074490.038,TSHE,12.7
581452.481,5074495.195,TSHE,6.0
581455.051,5074490.134,TSHE,10.0
581458.134,5074488.371,TSHE,34.2
581433.856,5074470.947,PSME,33.5
581420.948,5074471.131,PSME,100.0
581421.681,5074471.592,PSME,65.0
581419.763,5074472.009,TSHE,39.7
581419.899,5074473.023,TABR,8.5
581414.399,5074473.348,THPL,92.5
581410.058,5074474.941,TSHE,8.4
581410.179,5074477.463,THPL,8.9
581417.242,5074478.591,TABR,23.6
581415.087,5074480.169,ABAM,7.4
581409.809,5074484.428,PSME,79.1
581412.397,5074486.261,TSHE,79.7
581425.928,5074475.705,PSME,92.9
581425.087,5074476.248,TABR,9.4
581425.603,5074478.11,TSHE,14.4
581422.181,5074480.35,TSHE,8.3
581423.374,5074483.542,TABR,8.9
581413.949,5074490.279,THPL,20.9
581410.046,5074493.523,TSHE,86.8
581411.921,5074494.089,TABR,10.3
581413.392,5074491.961,THPL,36.7
581430.532,5074476.563,TSHE,52.4
581430.742,5074476.34,TSHE,6.9
581421.451,5074488.652,TSHE,71.4
581417.946,5074492.055,TSHE,12.5
581417.793,5074494.652,TABR,17.5
581422.748,5074491.482,TABR,5.1
581426.94,5074485.398,PSME,80.5
581429.076,5074481.684,TSHE,22.3
581426.98,5074492.864,THPL,24.5
581429.003,5074494.344,PSME,133.2
581434.245,5074474.401,TSHE,8.3
581430.419,5074487.124,CONU,5.0
581431.888,5074488.665,TABR,8.9
581432.875,5074482.263,TSHE,10.9
581433.689,5074490.875,PSME,101.3
581434.74,5074484.038,TSHE,6.5
581434.637,5074478.633,TABR,19.0
581483.447,5074496.35,TSHE,32.2
581479.328,5074496.532,ABAM,6.9
581477.635,5074496.843,ABAM,10.9
581473.935,5074496.94,ABGR,51.1
581473.08,5074496.902,TSHE,5.3
581472.201,5074496.813,TSHE,29.6
581465.746,5074496.374,TABR,10.6
581468.704,5074497.665,ABGR,27.3
581467.758,5074497.929,ABAM,5.1
581463.249,5074498.938,CONU,6.0
581463.376,5074501.393,PSME,32.7
581466.874,5074500.424,TSHE,21.9
581464.833,5074501.97,PSME,69.5
581477.448,5074498.218,ABAM,5.6
581473.983,5074499.113,TSHE,7.3
581478.386,5074498.149,ABAM,6.9
581476.111,5074499.097,ABAM,6.6
581472.243,5074501.038,PSME,88.4
581475.185,5074500.814,TSHE,15.1
581480.747,5074498.175,ABAM,5.4
581462.162,5074504.803,TABR,10.7
581461.182,5074508.276,TSHE,19.8
581464.212,5074507.505,ABAM,10.7
581467.032,5074505.922,PSME,54.5
581467.457,5074506.899,PSME,71.5
581475.449,5074502.012,TSHE,25.9
581477.654,5074501.1,ABAM,9.0
581472.254,5074505.279,ABAM,7.1
581463.542,5074511.102,TABR,21.3
581464.663,5074511.077,ABAM,6.0
581463.837,5074515.77,TSHE,82.9
581466.86,5074513.824,TABR,11.0
581469.333,5074510.973,ABAM,5.5
581474.859,5074505.742,TSHE,6.9
581469.32,5074514.132,TSHE,12.8
581469.625,5074513.829,TSHE,75.1
581464.831,5074518.047,TSHE,7.9
581474.414,5074508.6,PSME,81.7
581478.386,5074504.695,TSHE,23.9
581481.594,5074500.373,TABR,6.6
581479.991,5074502.838,TSHE,12.9
581470.903,5074516.079,TSHE,49.6
581468.952,5074520.492,PSME,62.7
581476.408,5074510.243,TSHE,5.8
581482.917,5074499.881,THPL,104.0
581482.399,5074502.148,ABAM,5.4
581480.3,5074506.335,TSHE,16.9
581478.878,5074509.508,TABR,14.3
581474.306,5074517.179,PSME,87.1
581473.402,5074518.201,TSHE,13.9
581473.315,5074518.775,PSME,52.7
581480.094,5074516.077,ABAM,13.4
581481.575,5074507.818,NA'(,30.4
581483.723,5074510.866,TSHE,39.7
581483.963,5074513.734,ABAM,8.7
581484.81,5074506.88,TSHE,16.4
581484.864,5074504.448,ABAM,6.6
581484.671,5074500.493,TSHE,6.6
581465.803,5074471.375,TSHE,40.3
581465.127,5074471.997,TSHE,85.4
581461.845,5074471.536,ABAM,6.0
581483.151,5074472.468,TSHE,76.9
581461.351,5074479.713,PSME,60.8
581466.175,5074480.269,TSHE,14.8
581465.105,5074481.219,THPL,49.9
581462.743,5074482.542,THPL,107.6
581463.615,5074482.828,TSHE,38.2
581468.635,5074480.865,TSHE,17.6
581470.669,5074480.742,TSHE,48.0
581464.001,5074486.555,TSHE,40.8
581471.998,5074481.234,TSHE,8.9
581476.079,5074478.738,TSHE,27.0
581470.91,5074483.629,TSHE,23.1
581476.323,5074479.373,TSHE,13.3
581476.875,5074479.284,TSHE,7.9
581465.249,5074489.01,PSME,56.0
581462.483,5074491.906,TSHE,86.1
581464.494,5074491.814,ABAM,5.3
581473.731,5074483.631,TSHE,8.1
581464.901,5074493.782,THPL,8.2
581464.598,5074494.32,TABR,8.0
581465.903,5074493.161,ABAM,5.8
581467.24,5074493.738,ABAM,6.0
581474.576,5074484.164,TSHE,20.8
581469.522,5074492.619,ABAM,5.8
581472.089,5074491.272,PSME,69.4
581471.101,5074494.861,TSHE,6.5
581480.758,5074478.536,TABR,16.1
581478.878,5074483.385,ABAM,5.6
581476.766,5074488.892,ABAM,11.4
581476.421,5074491.428,TABR,11.5
581475.726,5074493.424,PSME,108.8
581479.292,5074485.155,TSHE,30.7
581480.079,5074485.972,TABR,5.9
581479.126,5074489.111,ABAM,6.3
581479.778,5074490.828,ABAM,11.9
581479.758,5074494.972,ABAM,5.2
581480.87,5074494.834,ABAM,6.3
581481.994,5074489.342,ABAM,5.8
581482.979,5074484.962,ABAM,6.3
581483.074,5074492.385,PSME,107.7
581484.943,5074482.659,TABR,6.2
581460.156,5074445.976,TSHE,31.5
581465.199,5074446.751,TABR,9.4
581465.71,5074447.112,TSHE,96.2
581469.218,5074448.993,TABR,9.4
581469.765,5074450.026,TABR,7.5
581460.715,5074450.255,TABR,5.2
581460.47,5074450.544,TABR,6.5
581478.852,5074448.032,TSHE,15.7
581461.061,5074455.029,TSHE,65.9
581470.416,5074450.948,TABR,6.4
581473.884,5074450.237,TSHE,64.0
581472.995,5074450.294,TABR,5.5
581475.762,5074449.398,TSHE,6.2
581477.872,5074449.128,TSHE,65.6
581466.794,5074453.977,TSHE,66.0
581464.579,5074455.835,PSME,68.3
581466.302,5074458.487,TABR,15.0
581480.64,5074449.168,TSHE,15.8
581477.281,5074453.028,TSHE,59.7
581464.063,5074463.19,PSME,43.5
581463.526,5074463.685,TSHE,16.9
581464.425,5074463.868,PSME,51.4
581466.546,5074464.809,TABR,11.7
581470.774,5074459.991,TSHE,81.7
581476.559,5074455.918,TSHE,20.2
581476.252,5074456.98,TSHE,67.7
581479.992,5074452.054,PSME,45.3
581469.845,5074465.384,TSHE,5.0
581473.864,5074467.211,TSHE,10.0
581472.53,5074468.489,TSHE,14.4
581478.533,5074459.693,TSHE,80.3
581479.629,5074458.871,TSHE,15.0
581481.35,5074463.709,TABR,5.3
581483.106,5074453.075,TSHE,27.5
581482.392,5074458.429,TSHE,29.3
581481.489,5074466.078,ABAM,6.7
581484.321,5074450.182,TABR,12.1
581456.931,5074446.505,TSHE,14.2
581452.247,5074448.027,TSHE,76.1
581450.195,5074448.287,PSME,65.6
581436.543,5074451.45,TSHE,11.9
581441.784,5074451.236,TABR,6.6
581443.663,5074450.987,TSHE,8.1
581447.923,5074450.642,TSHE,63.3
581444.033,5074453.643,THPL,36.9
581439.755,5074454.942,TSHE,9.5
581440.509,5074456.039,TSHE,27.7
581445.168,5074454.764,THPL,85.3
581445.211,5074455.489,THPL,53.0
581445.369,5074455.782,THPL,18.4
581443.765,5074458.501,TSHE,10.0
581437.709,5074462.175,ABGR,98.2
581440.722,5074465.696,PSME,103.9
581437.448,5074468.573,TABR,13.9
581440.104,5074470.383,PSME,70.3
581446.018,5074464.855,TSHE,98.6
581445.988,5074467.189,ABAM,6.5
581451.555,5074458.898,TSHE,15.4
581454.398,5074453.94,TSHE,19.4
581455.275,5074454.011,TABR,16.2
581452.335,5074463.261,TABR,16.4
581452.573,5074466.69,TABR,18.1
581453.754,5074460.932,TSHE,27.9
581453.853,5074461.752,TSHE,26.9
581454.686,5074459.764,TSHE,11.8
581454.9,5074457.764,TABR,17.2
581457.048,5074451.686,TSHE,23.0
581457.951,5074453.219,TABR,14.8
581457.818,5074454.159,TABR,13.2
581454.616,5074462.459,TSHE,12.6
581456.714,5074458.872,PSME,71.3
581456.84,5074465.825,TSHE,24.0
581458.602,5074461.054,PSME,94.5
581459.4,5074469.904,PSME,82.2
581425.218,5074446.743,TSHE,27.6
581422.33,5074446.876,TSHE,8.3
581422.914,5074447.745,TSHE,85.8
581424.897,5074451.544,TSHE,73.6
581415.386,5074457.577,TABR,8.6
581411.208,5074461.021,TABR,12.6
581410.834,5074461.672,TABR,11.4
581412.547,5074463.034,PSME,100.4
581420.765,5074459.141,PSME,78.6
581425.802,5074454.005,TABR,14.7
581425.096,5074455.84,PSME,98.1
581420.35,5074460.292,TSHE,69.1
581409.921,5074470.249,PSME,64.6
581413.144,5074468.531,TSHE,27.8
581416.491,5074464.917,TSHE,8.0
581414.896,5074468.813,TSHE,9.4
581418.444,5074467.944,TSHE,16.5
581420.251,5074465.52,ABAM,5.2
581424.863,5074457.165,TSHE,53.9
581429.0,5074452.567,TSHE,12.5
581430.524,5074451.699,TABR,31.2
581431.95,5074449.226,TSHE,24.0
581434.793,5074446.324,TABR,8.1
581425.593,5074460.762,TSHE,66.6
581426.485,5074466.48,PSME,63.3
581426.39,5074468.705,TABR,32.3
581429.598,5074467.418,ABAM,6.4
581429.173,5074459.474,TABR,11.7
581434.482,5074448.751,PSME,36.1
581434.582,5074457.317,ABAM,45.9
581432.822,5074462.9,TSHE,9.8
581432.009,5074466.02,ABAM,7.1
581432.869,5074467.063,TSHE,28.0
581487.832,5074500.501,PSME,147.6
581485.387,5074500.749,ABAM,6.1
581485.604,5074503.009,THPL,8.8
581496.541,5074499.415,TSHE,86.9
581491.441,5074502.669,ABAM,6.0
581489.517,5074504.277,ABAM,7.5
581494.634,5074502.387,TABR,6.1
581500.077,5074500.558,TSHE,68.7
581490.384,5074506.327,ABAM,14.3
581488.697,5074507.624,TSHE,6.4
581485.709,5074509.916,TSHE,17.4
581492.041,5074506.271,ABAM,8.1
581493.578,5074505.425,ABAM,5.1
581495.679,5074506.212,ABAM,5.6
581497.961,5074505.031,ABAM,7.6
581492.396,5074509.757,PSME,129.0
581490.897,5074511.458,ABAM,7.7
581486.211,5074514.316,ABAM,5.3
581489.23,5074514.16,PSME,109.6
581505.49,5074500.07,TSHE,49.7
581488.203,5074518.541,TSHE,8.9
581486.776,5074520.575,TABR,16.3
581495.782,5074510.901,TABR,30.3
581491.918,5074516.971,ABGR,64.8
581493.901,5074518.815,TSHE,13.0
581497.481,5074516.798,ABAM,5.5
581500.367,5074513.039,PSME,71.1
581499.081,5074516.331,ABAM,5.9
581504.836,5074506.452,TSHE,24.9
581500.93,5074518.14,ABAM,6.6
581504.223,5074511.157,TSHE,9.3
581505.28,5074510.22,TSHE,42.8
581504.516,5074518.438,PSME,91.9
581506.242,5074515.023,PSME,86.9
581506.793,5074509.016,TSHE,18.9
581508.613,5074512.973,TSHE,44.5
581486.775,5074478.767,TABR,6.7
581486.52,5074479.86,TSHE,46.5
581485.68,5074483.401,TABR,9.6
581490.7935,5074481.643,TSHE,12.7
581495.907,5074479.885,PSME,87.2
581493.447,5074481.135,TABR,10.5
581493.281,5074481.223,TABR,8.4
581496.428,5074480.936,TSHE,12.4
581491.931,5074483.844,TABR,5.8
581490.546,5074484.496,ABAM,19.1
581490.442,5074486.22,TABR,5.5
581492.759,5074487.002,TABR,6.1
581494.674,5074485.924,TABR,5.7
581496.126,5074484.402,TSHE,12.5
581502.023,5074478.781,TSHE,20.4
581504.704,5074476.827,THPL,109.8
581493.494,5074488.957,TSHE,17.8
581493.585,5074489.586,TSHE,89.2
581490.474,5074493.495,ABAM,6.2
581500.442,5074483.971,TSHE,36.9
581506.584,5074475.731,TSHE,21.7
581503.571,5074482.848,ABGR,56.1
581499.924,5074490.389,TSHE,12.9
581498.84,5074492.181,TABR,8.0
581500.674,5074489.757,TSHE,7.9
581500.565,5074490.459,TSHE,10.1
581505.156,5074480.874,TSHE,17.8
581506.568,5074478.199,THPL,89.6
581504.617,5074484.648,TSHE,18.0
581504.591,5074486.094,TSHE,8.9
581503.252,5074489.21,TSHE,34.9
581501.541,5074492.19,PSME,57.6
581505.438,5074489.007,TSHE,7.4
581506.582,5074485.383,TSHE,16.1
581509.018,5074492.549,PSME,67.3
581510.102,5074489.632,TSHE,55.7
581506.983,5074519.505,ABAM,7.0
581505.002,5074446.517,TSHE,7.6
581487.236,5074446.726,TSHE,14.3
581485.53,5074450.627,TSHE,89.2
581488.353,5074449.65,TSHE,7.8
581495.116,5074448.606,TSHE,16.3
581499.991,5074447.593,TSHE,74.9
581501.263,5074447.772,TABR,5.4
581495.605,5074451.096,PSME,102.3
581487.51,5074454.566,PSME,56.5
581490.281,5074454.022,TABR,10.1
581498.847,5074452.942,TSHE,13.0
581508.003,5074447.475,TSHE,70.6
581508.531,5074446.863,TSHE,37.6
581486.999,5074459.426,TSHE,9.3
581494.843,5074456.027,TSHE,9.4
581485.163,5074463.234,TSHE,34.6
581490.707,5074459.863,TSHE,18.6
581492.765,5074460.995,TSHE,22.4
581494.934,5074460.48,PSME,36.3
581495.136,5074463.462,TSHE,82.1
581498.974,5074458.767,TSHE,64.0
581499.059,5074458.482,TSHE,13.8
581503.811,5074453.053,TSHE,18.6
581493.95,5074465.437,TSHE,33.9
581488.725,5074470.682,TSHE,76.4
581499.353,5074461.691,TSHE,67.9
581502.719,5074459.608,TSHE,16.7
581501.832,5074470.444,TSHE,61.9
581503.009,5074468.011,TSHE,25.0
581505.389,5074465.663,PSME,65.3
581507.188,5074460.983,TSHE,16.0
581508.179,5074457.85,TSHE,16.9
581509.735,5074462.747,TSHE,82.3
581497.567,5074421.055,TSHE,9.2
581494.864,5074421.524,TABR,31.6
581492.272,5074422.331,PSME,64.6
581485.756,5074421.903,TSHE,60.9
581485.978,5074424.98,TABR,16.5
581497.098,5074423.234,TSHE,5.6
581501.14,5074424.016,TSHE,16.4
581503.688,5074423.471,TSHE,23.7
581494.847,5074426.887,TSHE,5.6
581496.995,5074427.136,TABR,9.1
581491.123,5074428.763,PSME,124.5
581487.407,5074430.081,TABR,15.1
581486.684,5074432.146,CONU,7.1
581491.265,5074431.557,TABR,12.5
581497.469,5074428.495,ABGR,40.6
581507.797,5074421.971,TSHE,9.6
581501.817,5074428.807,TABR,20.3
581492.097,5074433.788,PSME,77.0
581492.194,5074434.62,TSHE,87.0
581490.029,5074437.864,TABR,9.7
581485.713,5074444.486,TSHE,24.4
581492.897,5074437.83,TSHE,13.3
581493.92,5074437.416,TSHE,5.9
581495.052,5074435.956,TSHE,15.6
581491.632,5074441.279,TABR,5.9
581491.247,5074442.067,TSHE,22.1
581497.369,5074436.628,TABR,10.0
581498.704,5074434.924,TABR,15.4
581501.395,5074430.925,TABR,15.0
581493.674,5074441.146,TSHE,61.9
581491.902,5074445.505,TSHE,14.9
581491.918,5074445.334,TSHE,11.4
581492.716,5074444.862,TSHE,67.6
581498.0,5074437.36,TABR,7.2
581498.268,5074437.979,TSHE,33.2
581497.413,5074440.737,TSHE,12.3
581495.236,5074443.62,TSHE,27.8
581498.149,5074445.413,PIMO,63.0
581502.642,5074440.663,TSHE,101.0
581504.266,5074441.054,TABR,10.2
581505.249,5074437.841,TABR,11.6
581505.946,5074435.78,TSHE,40.9
581507.762,5074429.172,TSHE,41.9
581507.028,5074445.776,THPL,23.9
581470.187,5074422.639,TSHE,79.1
581461.896,5074421.539,TABR,20.3
581463.415,5074425.523,TSHE,33.3
581461.963,5074425.84,TSHE,17.5
581462.392,5074427.345,TSHE,74.3
581466.459,5074428.078,PSME,104.5
581475.872,5074425.485,PSME,87.8
581462.026,5074432.841,PSME,29.1
581461.029,5074435.481,TABR,5.9
581460.628,5074437.65,PSME,93.5
581463.956,5074438.892,TABR,17.7
581471.289,5074430.406,TABR,30.7
581463.692,5074441.011,PSME,53.0
581463.073,5074442.957,PSME,69.0
581464.656,5074438.042,ABAM,5.6
581471.459,5074435.31,TABR,11.3
581472.294,5074435.033,TABR,22.4
581469.726,5074438.927,TABR,6.6
581469.532,5074438.9,TABR,11.5
581465.584,5074442.715,TABR,15.7
581463.741,5074444.155,TSHE,59.0
581475.066,5074435.458,PSME,73.6
581480.325,5074427.487,TSHE,53.0
581480.83,5074428.631,TSHE,98.0
581480.606,5074427.647,TSHE,36.0
581483.8,5074423.088,TABR,14.5
581473.718,5074438.504,TABR,10.2
581473.787,5074440.113,TSHE,26.9
581475.316,5074437.523,TSHE,7.0
581472.139,5074446.006,TABR,13.3
581477.216,5074440.161,PSME,70.7
581479.694,5074438.094,TSHE,20.8
581481.862,5074434.002,TSHE,7.2
581482.514,5074432.722,TSHE,5.3
581482.258,5074437.099,PSME,101.0
581481.512,5074443.913,TSHE,9.4
581457.18,5074421.479,TABR,18.3
581452.753,5074421.227,TABR,8.5
581443.593,5074422.619,TABR,8.5
581443.531,5074422.758,TABR,9.3
581436.569,5074426.945,TSHE,37.0
581447.552,5074424.995,TSHE,19.3
581445.391,5074426.584,TSHE,41.1
581441.683,5074427.859,TSHE,8.9
581438.202,5074431.012,TSHE,60.2
581438.406,5074431.659,TSHE,12.7
581439.264,5074431.393,TSHE,27.1
581448.284,5074426.815,TSHE,54.0
581450.551,5074426.259,TABR,9.0
581452.9,5074425.176,TABR,11.1
581440.216,5074433.111,TSHE,19.9
581445.572,5074432.085,TSHE,17.5
581446.159,5074432.363,TSHE,19.1
581435.744,5074441.41,TABR,7.8
581445.975,5074434.231,TABR,11.6
581446.164,5074434.156,TABR,6.0
581444.432,5074435.637,TSHE,38.6
581454.919,5074425.845,TABR,12.2
581455.073,5074425.511,TABR,16.0
581458.213,5074423.105,TSHE,8.2
581442.158,5074439.134,TSHE,65.3
581442.487,5074441.173,TSHE,18.4
581442.5,5074442.151,TSHE,35.8
581447.173,5074436.196,TSHE,16.5
581448.289,5074435.395,TSHE,14.1
581448.875,5074437.69,TSHE,33.3
581450.498,5074435.501,PIMO,35.6
581450.844,5074435.146,TSHE,19.2
581448.407,5074441.114,TSHE,17.8
581451.605,5074442.298,TSHE,8.8
581451.482,5074444.317,TSHE,10.5
581452.606,5074442.883,TSHE,5.7
581454.224,5074443.26,TSHE,10.5
581456.236,5074434.195,TSHE,74.5
581455.335,5074442.861,PSME,108.5
581456.834,5074443.566,TSHE,13.2
581459.303,5074443.947,TSHE,8.1
581459.755,5074441.356,TSHE,7.4
581424.954,5074421.075,PIMO,59.2
581411.235,5074422.699,TSHE,11.3
581425.016,5074421.942,TSHE,40.4
581420.287,5074423.665,TSHE,10.5
581413.349,5074427.675,ABGR,63.6
581416.553,5074427.306,TSHE,26.9
581410.74,5074432.258,TSHE,72.2
581416.353,5074431.125,TSHE,11.1
581415.239,5074432.423,TABR,8.5
581415.348,5074433.943,TABR,20.0
581417.888,5074432.396,TSHE,60.0
581418.922,5074432.994,TSHE,65.8
581423.024,5074429.677,TSHE,17.1
581414.044,5074438.366,TSHE,46.1
581410.496,5074444.663,TSHE,46.2
581419.438,5074438.976,ABAM,5.4
581422.32,5074435.392,TSHE,44.3
581419.734,5074441.09,PIMO,42.1
581430.946,5074427.205,TSHE,67.1
581433.413,5074424.635,TSHE,18.8
581431.707,5074427.699,TSHE,18.3
581431.958,5074427.728,TSHE,10.5
581429.556,5074431.55,TSHE,14.3
581426.547,5074438.429,TSHE,84.3
581427.517,5074438.289,TSHE,10.8
581428.072,5074438.424,TSHE,54.5
581430.159,5074435.913,TSHE,59.8
581430.019,5074442.69,PSME,57.1
581432.729,5074428.431,TSHE,34.0
581433.118,5074428.327,TSHE,51.0
581433.773,5074436.504,TSHE,9.0
581424.299,5074444.725,TSHE,11.2
581479.889,5074493.505,ABAM,5.3
581459.807,5074434.833,TSHE,22.9
581394.059,5074497.661,TSHE,5.5
581389.236,5074499.544,TSHE,86.7
581385.363,5074503.276,TSHE,54.7
581385.516,5074504.649,TABR,6.1
581402.852,5074498.401,TSHE,5.4
581401.491,5074499.264,THPL,97.6
581402.65,5074499.459,TSHE,6.1
581399.495,5074501.128,PIMO,84.6
581397.478,5074502.04,TSHE,5.2
581398.301,5074502.649,TSHE,10.4
581389.642,5074506.706,TSHE,6.2
581389.987,5074506.743,TABR,10.2
581391.753,5074508.068,ABAM,6.8
581398.903,5074504.416,TSHE,23.9
581399.132,5074504.621,TSHE,10.2
581402.141,5074505.058,TSHE,33.3
581401.242,5074506.828,TSHE,5.0
581393.569,5074513.155,PSME,90.9
581391.731,5074514.647,TABR,17.7
581400.416,5074510.602,TSHE,15.6
581401.464,5074509.577,TSHE,20.9
581400.46,5074510.946,TSHE,7.1
581400.987,5074510.963,TSHE,5.8
581401.573,5074510.455,TSHE,18.9
581396.093,5074519.41,TSHE,43.2
581400.481,5074513.557,ABGR,52.3
581400.722,5074515.151,PIMO,70.1
581404.379,5074508.143,ABGR,79.1
581402.859,5074513.508,TSHE,54.0
581408.869,5074503.767,PSME,144.1
581408.262,5074507.09,TABR,10.9
581407.809,5074510.363,TSHE,7.7
581409.122,5074509.698,TSHE,8.3
581408.771,5074511.047,PSME,114.1
581408.668,5074512.317,TABR,13.8
581397.249,5074471.278,TSHE,31.7
581396.883,5074471.276,NA'(,76.0
581393.504,5074470.862,ABAM,9.0
581389.375,5074472.507,ABAM,5.2
581387.864,5074475.107,TSHE,88.9
581400.039,5074472.491,TABR,11.8
581386.984,5074479.927,TSHE,16.7
581386.577,5074483.259,TSHE,7.0
581392.529,5074478.469,ABAM,5.2
581402.392,5074474.398,PSME,114.9
581395.096,5074479.576,TSHE,5.9
581395.652,5074479.648,TSHE,37.0
581391.121,5074484.105,TSHE,5.1
581394.684,5074483.308,PSME,81.3
581388.311,5074488.464,PSME,92.7
581386.684,5074491.962,THPL,21.6
581389.893,5074492.508,TSHE,64.6
581395.457,5074487.407,CONU,6.5
581400.477,5074481.613,TSHE,82.1
581398.637,5074486.726,PSME,74.0
581398.326,5074488.082,TABR,5.8
581401.071,5074493.995,PSME,72.0
581402.209,5074490.604,TABR,9.8
581402.931,5074491.806,TSHE,54.7
581404.959,5074483.053,PSME,82.5
581407.821,5074476.123,TSHE,10.6
581405.034,5074487.746,ABAM,5.2
581408.085,5074481.167,TSHE,32.7
581409.359,5074475.315,TSHE,29.6
581409.466,5074475.618,TSHE,56.0
581374.741,5074471.224,TSHE,19.7
581377.929,5074471.29,PSME,53.7
581366.819,5074472.223,TSHE,35.5
581363.061,5074473.501,TSHE,13.8
581367.744,5074473.405,PSME,105.5
581360.265,5074474.958,TSHE,31.0
581367.649,5074476.067,ABAM,6.1
581383.909,5074470.83,ABAM,5.2
581364.235,5074477.745,TSHE,51.8
581362.4,5074479.684,TSHE,24.2
581361.814,5074481.053,TABR,9.1
581367.768,5074478.823,PSME,74.4
581362.779,5074483.301,PSME,61.5
581365.19,5074481.999,ABAM,66.6
581361.988,5074485.271,NA'(,42.2
581371.948,5074478.907,TSHE,8.5
581377.831,5074475.256,TSHE,13.2
581366.974,5074482.969,TABR,14.2
581366.154,5074484.939,TSHE,5.2
581360.919,5074488.769,PSME,80.2
581367.892,5074485.7,TABR,16.4
581367.607,5074486.353,PIMO,62.3
581370.901,5074483.932,TSHE,11.8
581363.555,5074489.268,TABR,10.1
581364.649,5074490.902,ABAM,5.4
581365.65,5074492.082,TSHE,6.2
581363.158,5074493.314,ABAM,14.0
581365.699,5074492.477,TSHE,6.6
581367.115,5074491.079,ABGR,27.5
581372.749,5074485.235,TSHE,22.0
581376.024,5074481.141,TSHE,10.6
581370.854,5074489.367,TSHE,18.9
581365.553,5074495.325,ABAM,6.9
581369.073,5074493.502,TSHE,6.0
581372.789,5074488.348,ABGR,38.6
581369.982,5074493.492,PSME,116.0
581373.743,5074488.342,ABAM,6.6
581374.169,5074488.037,CONU,8.1
581379.704,5074478.885,TSHE,55.7
581383.306,5074474.811,TSHE,37.8
581377.773,5074485.495,PSME,60.5
581374.394,5074491.597,TSHE,12.0
581375.315,5074491.032,PSME,142.9
581375.302,5074491.885,TSHE,6.5
581374.829,5074494.469,TABR,6.8
581382.129,5074479.853,PSME,98.5
581380.653,5074485.096,TABR,6.5
581380.806,5074485.473,TABR,15.4
581377.595,5074494.749,TABR,7.8
581378.097,5074495.518,TABR,7.8
581379.053,5074494.52,TSHE,10.5
581380.393,5074492.262,TABR,5.7
581382.599,5074482.62,TSHE,6.3
581385.194,5074491.637,TSHE,105.0
581368.147,5074497.314,PSME,106.0
581364.133,5074497.527,TSHE,21.9
581364.6,5074497.683,TSHE,7.9
581364.614,5074498.025,TSHE,6.4
581363.53,5074499.223,TSHE,12.9
581372.441,5074499.624,TSHE,25.7
581374.377,5074499.149,TABR,9.3
581360.197,5074506.467,TSHE,61.8
581371.152,5074502.236,TSHE,11.7
581384.467,5074496.202,TSHE,8.1
581377.068,5074501.131,TSHE,39.9
581375.715,5074501.878,TSHE,72.3
581375.466,5074502.606,TABR,6.0
581369.019,5074504.583,TABR,14.1
581364.135,5074508.078,TABR,13.0
581363.28,5074508.74,CONU,7.0
581364.108,5074513.002,PSME,84.7
581364.628,5074513.841,TSHE,13.2
581363.218,5074516.625,PSME,88.8
581371.331,5074508.32,TABR,9.8
581369.937,5074510.141,TSHE,20.5
581370.676,5074511.207,CONU,8.3
581370.878,5074512.632,ABAM,18.8
581375.642,5074507.861,TSHE,11.8
581362.429,5074519.754,TABR,11.5
581362.257,5074519.927,TABR,7.9
581368.518,5074519.229,ABAM,5.0
581379.966,5074507.036,TSHE,32.0
581378.345,5074518.924,TSHE,108.7
581381.704,5074516.678,TSHE,24.6
581381.788,5074515.061,TABR,6.7
581383.301,5074513.983,TABR,5.5
581382.251,5074507.143,TSHE,32.5
581382.783,5074508.114,TABR,12.0
581384.074,5074509.698,TABR,15.8
581384.599,5074509.661,TABR,5.0
581384.182,5074498.529,THPL,8.7
581403.916,5074446.006,NA'(,44.2
581403.344,5074446.766,TABR,23.0
581385.131,5074446.671,TSHE,18.6
581386.034,5074448.607,ABAM,5.9
581388.666,5074448.207,TSHE,11.9
581389.204,5074451.826,TSHE,7.8
581385.671,5074455.765,ABAM,7.1
581393.814,5074450.447,ABAM,80.0
581397.057,5074449.802,TABR,15.6
581400.06,5074448.808,ABAM,6.0
581395.731,5074453.573,TSHE,43.2
581392.47,5074455.36,PSME,124.3
581388.332,5074456.756,TABR,28.1
581386.274,5074458.287,TSHE,5.4
581386.178,5074460.541,ABAM,17.0
581387.726,5074461.973,ABAM,20.4
581390.81,5074460.745,PSME,120.5
581398.444,5074453.584,ABAM,6.5
581387.434,5074463.53,ABAM,7.5
581386.162,5074470.265,ABAM,7.4
581387.931,5074469.438,ABAM,10.0
581391.196,5074464.483,TSHE,28.2
581390.239,5074468.277,ABAM,13.0
581392.241,5074462.848,ABAM,9.5
581395.41,5074460.531,PSME,72.8
581395.225,5074462.689,ABAM,5.2
581395.291,5074464.309,TSHE,5.8
581399.225,5074460.018,PSME,98.3
581398.531,5074465.353,PSME,100.0
581399.679,5074468.537,ABAM,21.0
581401.428,5074462.322,ABAM,21.2
581406.81,5074453.62,TSHE,96.0
581401.672,5074466.039,TABR,17.2
581402.372,5074466.214,TABR,13.5
581405.194,5074463.752,ABAM,18.5
581410.0,5074467.07,TSHE,9.4
581366.014,5074446.528,TSHE,13.9
581367.437,5074449.12,PSME,126.5
581365.577,5074450.288,ABAM,5.0
581363.892,5074451.934,TSHE,21.3
581368.012,5074449.999,TSHE,28.4
581370.539,5074448.217,TSHE,12.6
581373.178,5074448.144,ABAM,10.2
581374.518,5074447.599,TSHE,13.4
581378.691,5074446.238,ABAM,10.6
581376.998,5074447.356,ABPR,66.1
581371.114,5074450.525,TSHE,19.2
581364.351,5074454.977,TABR,23.7
581365.377,5074454.146,TSHE,5.0
581362.47,5074456.484,ABAM,12.1
581364.096,5074456.445,TABR,10.0
581364.328,5074457.715,ABAM,61.2
581376.83,5074450.822,ABAM,16.7
581380.026,5074448.345,ABAM,6.0
581380.797,5074449.539,ABAM,9.7
581375.615,5074452.968,ABAM,5.1
581367.055,5074457.906,TSHE,20.7
581366.407,5074459.486,PSME,60.6
581366.027,5074459.922,TSHE,5.8
581361.956,5074463.15,THPL,32.8
581367.381,5074460.276,TSHE,31.2
581371.543,5074456.964,PSME,64.9
581374.358,5074456.089,PSME,124.7
581374.291,5074457.27,TSHE,14.5
581378.211,5074452.64,TSHE,6.2
581382.493,5074448.871,ABAM,7.7
581381.247,5074450.736,ABAM,10.7
581373.053,5074459.64,TSHE,25.1
581368.239,5074464.344,PSME,123.0
581365.218,5074466.287,PSME,73.4
581361.65,5074468.223,TSHE,36.3
581366.198,5074468.214,PSME,85.7
581372.037,5074465.237,ABAM,65.1
581376.499,5074460.929,PSME,135.6
581380.395,5074455.606,TSHE,11.1
581366.795,5074470.227,PSME,63.0
581368.2,5074470.586,TABR,29.5
581375.282,5074464.232,PSME,76.8
581373.975,5074468.829,TSHE,5.7
581373.836,5074469.576,TSHE,5.2
581374.058,5074469.933,TSHE,25.0
581374.29,5074469.445,TSHE,18.7
581382.155,5074456.814,TABR,19.0
581381.485,5074458.304,ABAM,11.0
581383.841,5074455.791,ABAM,15.9
581384.067,5074459.691,ABAM,10.7
581382.763,5074461.911,ABAM,5.3
581382.317,5074466.737,TSHE,31.4
581384.913,5074462.746,ABAM,5.9
581385.031,5074467.923,PSME,75.3
581337.31,5074449.169,THPL,82.1
581337.863,5074451.705,ABAM,5.5
581342.093,5074450.332,TSHE,14.3
581336.293,5074455.761,TSHE,20.6
581340.1,5074456.607,TSHE,31.9
581335.143,5074462.312,TSHE,47.0
581344.922,5074453.719,THPL,58.1
581350.344,5074451.01,THPL,73.7
581352.082,5074450.619,TSHE,12.4
581354.117,5074448.636,TABR,27.2
581342.835,5074456.567,TABR,13.8
581344.96,5074457.618,TSHE,39.6
581342.769,5074460.582,THPL,35.7
581343.284,5074460.627,TSHE,7.5
581347.989,5074455.017,TSHE,16.1
581351.639,5074453.041,ABPR,33.5
581353.944,5074452.701,TSHE,6.6
581353.601,5074453.677,ABAM,6.3
581352.545,5074454.305,TABR,24.9
581335.422,5074469.345,TABR,11.2
581346.793,5074462.373,ABAM,5.0
581348.165,5074461.859,TSHE,19.0
581345.97,5074465.076,THPL,24.2
581344.197,5074466.243,TSHE,12.7
581344.684,5074469.16,TSHE,6.8
581348.013,5074470.57,TSHE,23.1
581348.176,5074466.862,PSME,37.7
581350.118,5074467.162,TSHE,48.5
581351.038,5074461.994,TSHE,29.7
581353.764,5074456.85,ABAM,8.9
581354.063,5074455.886,ABAM,5.1
581353.768,5074461.197,ABAM,12.0
581352.631,5074465.645,NA'(,43.3
581353.646,5074464.867,ABAM,7.0
581354.749,5074460.926,ABAM,5.0
581355.283,5074463.309,ABAM,5.4
581356.771,5074463.176,TABR,16.9
581358.818,5074469.85,TABR,14.2
581358.435,5074463.859,ABAM,6.1
581357.459,5074462.005,ABAM,20.4
581357.535,5074459.035,ABAM,7.1
581358.958,5074459.733,ABAM,5.2
581357.414,5074457.685,ABAM,7.1
581358.267,5074451.745,TSHE,18.8
581359.021,5074448.962,TSHE,74.8
581354.014,5074466.617,ABAM,10.5
581335.699,5074470.922,TSHE,7.5
581340.495,5074471.614,ABAM,5.7
581343.256,5074471.717,TSHE,30.8
581352.559,5074472.062,TSHE,53.3
581350.319,5074473.415,TSHE,23.1
581339.744,5074475.975,TABR,25.3
581342.388,5074475.518,TSHE,29.0
581337.485,5074480.631,TSHE,20.0
581352.007,5074474.255,TSHE,54.0
581350.323,5074475.662,TSHE,17.0
581339.079,5074483.758,TABR,37.4
581335.656,5074488.011,TSHE,54.3
581337.099,5074487.269,TABR,5.6
581340.628,5074484.705,PSME,61.9
581345.606,5074481.97,PSME,63.9
581354.474,5074475.129,TSHE,31.3
581344.052,5074485.901,TABR,10.3
581335.68,5074493.3,PSME,44.7
581335.733,5074495.146,ABAM,53.9
581344.598,5074488.568,TSHE,105.2
581353.689,5074477.74,TSHE,6.5
581350.207,5074482.904,ABAM,21.3
581342.803,5074492.678,TABR,16.6
581343.51,5074495.396,PSME,83.0
581354.855,5074479.495,PSME,65.5
581357.657,5074474.943,TSHE,18.0
581349.634,5074488.245,TABR,25.8
581351.43,5074485.606,TABR,8.5
581350.061,5074489.716,TSHE,17.1
581348.273,5074495.398,TABR,15.2
581354.316,5074482.056,TABR,7.0
581357.273,5074481.638,ABAM,6.5
581352.858,5074493.852,PSME,70.7
581353.07,5074494.601,PSME,109.1
581353.149,5074495.559,TABR,11.1
581355.401,5074489.554,ABAM,5.6
581355.903,5074492.546,ABAM,10.8
581356.288,5074489.185,ABAM,7.9
581357.46,5074485.928,PSME,21.8
581358.21,5074492.076,ABAM,10.0
581359.597,5074490.002,ABAM,22.1
581359.644,5074483.698,TSHE,5.1
581360.093,5074481.212,ABAM,61.8
581343.739,5074496.618,PSME,81.0
581346.598,5074499.862,ABGR,47.1
581335.343,5074503.123,TSHE,11.3
581339.58,5074502.705,TSHE,21.9
581342.319,5074502.599,TSHE,62.2
581335.467,5074506.98,PSME,128.0
581346.621,5074502.591,TSHE,22.2
581350.532,5074500.345,TSHE,22.8
581353.642,5074499.787,THPL,57.2
581342.573,5074506.987,TSHE,46.6
581336.461,5074510.82,TABR,31.5
581337.625,5074511.597,TABR,7.6
581338.723,5074517.046,TSHE,20.2
581341.45,5074515.266,PSME,81.6
581342.678,5074512.336,TSHE,6.9
581352.214,5074503.023,ABGR,55.0
581355.304,5074499.915,TSHE,24.1
581355.232,5074501.99,TABR,5.9
581349.056,5074510.998,PSME,78.3
581339.042,5074520.81,PSME,35.7
581342.073,5074521.188,ABGR,55.5
581346.855,5074517.411,PSME,87.6
581347.458,5074517.097,TSHE,12.5
581350.115,5074513.004,ABAM,50.8
581353.018,5074512.212,TABR,13.4
581350.956,5074518.693,TABR,26.0
581352.02,5074517.224,TSHE,5.8
581356.795,5074506.013,PSME,46.1
581359.459,5074498.006,TSHE,6.5
581355.865,5074510.65,PSME,77.0
581356.034,5074512.85,PSME,123.6
581357.741,5074516.305,TSHE,5.2
581408.071,5074421.821,TSHE,8.1
581402.406,5074421.998,TABR,9.8
581397.244,5074421.926,ABAM,7.5
581394.992,5074421.563,TSHE,53.5
581393.363,5074423.02,ABAM,6.4
581387.517,5074426.175,TSHE,10.1
581389.061,5074426.901,TSHE,25.1
581396.52,5074424.411,TSHE,6.2
581393.51,5074427.836,TABR,13.9
581385.565,5074430.16,TABR,12.0
581388.509,5074430.527,TSHE,9.1
581392.811,5074429.249,TSHE,16.0
581400.522,5074425.972,PSME,102.2
581390.837,5074434.483,TSHE,5.7
581390.746,5074434.365,TSHE,7.6
581391.207,5074436.571,TSHE,13.9
581389.648,5074437.243,TABR,23.8
581392.108,5074436.105,ABAM,10.8
581392.056,5074437.026,TSHE,6.4
581393.69,5074436.289,NA'(,40.0
581386.122,5074441.97,TSHE,132.1
581387.453,5074444.169,ABAM,7.5
581388.913,5074443.426,ABAM,6.1
581391.599,5074443.04,ABAM,10.8
581393.814,5074440.508,ABAM,8.8
581397.884,5074432.053,TSHE,26.1
581399.075,5074431.715,TSHE,16.3
581403.794,5074429.498,TABR,27.7
581400.378,5074434.41,PSME,32.4
581397.376,5074441.25,ABAM,5.6
581396.501,5074443.099,TSHE,13.4
581397.758,5074443.435,ABAM,10.2
581403.115,5074434.421,PSME,61.9
581406.764,5074427.567,TSHE,51.2
581402.758,5074439.443,TSHE,72.3
581401.444,5074444.144,ABAM,8.2
581402.508,5074443.928,ABAM,51.4
581404.103,5074443.072,TSHE,24.8
581406.519,5074439.368,TSHE,44.1
581381.105,5074421.748,TSHE,95.4
581376.86,5074421.591,PIMO,46.7
581370.373,5074423.347,TSHE,6.6
581361.15,5074421.797,TSHE,10.9
581361.625,5074422.339,TSHE,42.6
581362.919,5074422.095,TSHE,9.3
581367.676,5074425.042,TSHE,14.5
581360.53,5074428.635,NA'(,63.5
581367.206,5074428.883,TSHE,20.6
581367.587,5074429.144,THPL,54.3
581373.296,5074425.715,TSHE,8.7
581362.307,5074433.337,TSHE,14.9
581364.287,5074435.086,PSME,43.8
581372.924,5074428.067,TSHE,8.0
581370.645,5074430.283,TSHE,15.8
581369.55,5074431.805,TSHE,18.4
581380.607,5074423.891,THPL,9.5
581372.898,5074430.627,TSHE,6.0
581376.043,5074429.82,THPL,59.9
581366.634,5074435.957,ABAM,11.5
581364.751,5074437.257,THPL,55.9
581360.899,5074441.657,TSHE,15.9
581369.134,5074435.395,TSHE,9.7
581369.574,5074435.579,TSHE,8.2
581368.949,5074436.261,TABR,7.0
581367.0,5074440.243,ABAM,6.5
581364.596,5074444.421,TSHE,62.3
581369.552,5074444.57,THPL,101.6
581369.97,5074441.735,ABAM,5.7
581370.634,5074439.996,TSHE,7.6
581370.989,5074438.384,TSHE,7.2
581371.602,5074440.091,ABAM,51.2
581375.94,5074431.486,TSHE,6.9
581379.407,5074430.342,PSME,38.0
581375.603,5074438.266,PSME,130.2
581374.871,5074439.778,TSHE,19.5
581373.423,5074442.842,ABAM,5.3
581374.154,5074444.085,ABAM,10.0
581375.093,5074443.726,TSHE,5.1
581375.969,5074445.193,TSHE,9.6
581376.92,5074443.322,ABAM,7.9
581380.92,5074433.877,TABR,8.4
581382.769,5074433.224,NA'(,34.6
581383.097,5074435.225,TABR,9.1
581384.667,5074435.913,ABAM,17.5
581382.26,5074444.661,TABR,6.7
581350.675,5074421.129,TSHE,37.0
581339.033,5074425.214,TSHE,6.5
581335.133,5074428.347,TSHE,12.0
581337.952,5074427.845,TSHE,9.2
581343.378,5074425.373,TSHE,9.2
581338.857,5074428.206,TSHE,37.0
581340.134,5074428.211,TSHE,35.4
581339.649,5074428.515,TSHE,11.3
581345.082,5074426.843,TSHE,6.0
581340.087,5074431.929,PSME,31.0
581347.71,5074428.678,PSME,20.7
581344.038,5074432.098,TSHE,42.7
581335.785,5074437.745,TABR,24.5
581346.245,5074431.274,ABAM,5.6
581342.539,5074436.787,ABAM,6.1
581350.749,5074429.269,TSHE,23.9
581345.614,5074436.284,ABAM,5.8
581337.745,5074445.54,ABAM,6.5
581341.379,5074443.452,TSHE,91.5
581344.0,5074442.41,TSHE,7.6
581344.441,5074440.482,ABAM,6.4
581347.175,5074438.783,THPL,13.0
581349.338,5074434.685,TSHE,26.1
581350.335,5074434.301,TSHE,19.8
581351.212,5074431.492,TSHE,43.6
581355.417,5074426.044,TSHE,12.2
581358.436,5074422.813,THPL,82.1
581355.643,5074428.458,TSHE,15.9
581350.647,5074438.376,TSHE,14.2
581346.098,5074445.441,TSHE,5.5
581348.244,5074443.141,TSHE,72.4
581351.598,5074440.309,TSHE,22.0
581356.034,5074438.617,THPL,10.1
581357.038,5074435.633,TSHE,100.7
581357.529,5074436.597,THPL,5.7
581356.939,5074438.961,TSHE,7.2
581357.077,5074442.036,TSHE,30.9
581357.812,5074435.384,THPL,7.1
581358.25,5074432.321,TSHE,15.0
581359.012,5074429.646,THPL,30.4
581357.872,5074438.797,TSHE,5.5
581359.484,5074443.312,TSHE,16.3
581331.226,5074420.934,TSHE,8.2
581326.651,5074421.99,TSHE,8.5
581326.917,5074422.441,TSHE,38.0
581313.668,5074422.072,PSME,33.3
581316.8,5074424.226,THPL,41.9
581327.546,5074423.222,TSHE,12.6
581324.325,5074426.365,ABAM,36.0
581325.224,5074427.427,TSHE,33.7
581313.404,5074434.129,PSME,85.9
581312.051,5074434.17,PSME,107.9
581310.522,5074440.231,TABR,11.6
581311.551,5074441.924,TABR,12.1
581320.762,5074433.838,TABR,20.0
581323.1,5074431.683,ABAM,19.1
581310.468,5074445.47,PSME,84.8
581313.588,5074443.31,ABAM,5.2
581316.039,5074441.652,ABAM,12.1
581317.55,5074442.803,ABAM,13.6
581319.627,5074444.709,PSME,64.4
581328.436,5074427.208,TSHE,12.2
581327.099,5074431.836,TSHE,17.6
581327.909,5074431.444,TSHE,5.5
581326.484,5074435.358,TSHE,15.0
581325.205,5074437.518,TSHE,8.1
581323.77,5074440.467,ABAM,42.3
581322.854,5074446.141,THPL,138.5
581327.924,5074442.394,TSHE,25.2
581328.507,5074441.929,ABAM,14.2
581329.047,5074438.496,TSHE,6.3
581330.394,5074439.694,PSME,26.2
581331.259,5074433.012,ABAM,6.5
581333.268,5074441.665,TSHE,36.2
581332.834,5074439.531,TABR,21.2
581333.185,5074433.059,ABAM,6.0
581333.075,5074432.073,THPL,57.2
581332.953,5074426.616,TSHE,15.0
581333.727,5074424.132,PSME,41.3
581313.078,5074446.313,TSHE,52.5
581315.954,5074448.061,TSHE,44.8
581310.892,5074448.834,TSHE,33.1
581313.618,5074449.671,TSHE,10.3
581317.988,5074449.13,TSHE,16.1
581312.263,5074451.072,PSME,83.5
581310.554,5074451.766,PSME,59.6
581320.837,5074450.672,TSHE,44.9
581312.78,5074455.386,TSHE,9.3
581311.087,5074456.983,TABR,12.0
581313.511,5074458.957,TSHE,5.8
581313.461,5074460.271,TSHE,20.6
581312.298,5074462.443,TSHE,34.5
581324.201,5074453.567,PSME,42.6
581330.189,5074450.006,ABAM,5.7
581315.985,5074461.602,PSME,79.0
581316.941,5074462.252,PIMO,93.4
581319.063,5074462.303,THPL,46.3
581320.809,5074462.162,PSME,98.8
581312.689,5074470.496,TABR,15.5
581315.869,5074469.806,ABGR,54.7
581316.476,5074469.509,TSHE,10.1
581318.187,5074467.857,TSHE,9.6
581325.204,5074455.765,ABAM,68.9
581327.379,5074453.857,TSHE,32.1
581333.572,5074447.859,TSHE,13.3
581333.102,5074448.925,PSME,111.3
581330.606,5074453.461,TSHE,20.8
581324.353,5074459.468,PSME,54.1
581324.431,5074460.309,TSHE,5.3
581321.361,5074465.649,PSME,54.4
581323.852,5074464.652,THPL,64.2
581324.003,5074469.797,PSME,133.4
581327.542,5074460.987,TSHE,12.1
581333.619,5074450.406,TSHE,18.8
581331.688,5074457.513,PSME,71.3
581332.518,5074458.944,TABR,6.8
581334.36,5074465.602,ABAM,5.8
581329.389,5074467.515,TABR,35.9
581332.66,5074470.157,PSME,81.7
581334.211,5074469.054,TSHE,11.9
581328.837,5074470.655,TABR,11.2
581326.822,5074471.987,ABAM,8.4
581319.31,5074472.143,ABAM,8.1
581310.065,5074473.677,CONU,6.5
581310.868,5074475.191,TABR,11.7
581312.288,5074474.602,TABR,12.0
581314.761,5074477.77,PSME,116.4
581317.05,5074481.465,PSME,73.4
581313.993,5074484.126,ABAM,45.0
581313.568,5074484.55,TABR,8.6
581323.331,5074476.815,CONU,7.0
581333.011,5074472.082,TABR,10.8
581332.472,5074473.227,TABR,21.7
581318.432,5074483.239,TABR,21.0
581310.37,5074491.671,TABR,14.0
581311.984,5074492.636,TSHE,87.0
581321.332,5074485.625,TABR,10.7
581321.134,5074486.197,TABR,16.1
581322.189,5074483.372,PSME,47.4
581321.637,5074487.291,PSME,117.2
581320.026,5074494.916,TSHE,46.0
581325.537,5074485.6,PSME,67.5
581327.341,5074484.345,TABR,8.0
581329.3,5074482.035,TSHE,99.0
581332.53,5074474.976,CONU,15.1
581332.264,5074478.335,ABAM,59.8
581333.969,5074476.228,CONU,5.0
581332.971,5074480.324,TABR,5.2
581332.736,5074482.001,CONU,5.5
581329.734,5074496.057,TSHE,77.1
581317.185,5074498.369,TSHE,55.5
581313.678,5074498.371,TSHE,10.4
581311.016,5074502.002,TSHE,36.6
581314.935,5074500.618,PSME,73.3
581317.107,5074500.332,TABR,7.5
581324.707,5074497.804,TABR,16.3
581320.749,5074500.381,TABR,7.8
581313.441,5074503.131,TABR,16.9
581327.699,5074499.237,PSME,72.4
581328.702,5074499.605,PSME,76.6
581330.608,5074500.107,PSME,63.8
581323.243,5074502.939,ABAM,6.7
581313.937,5074507.839,TABR,21.9
581310.82,5074510.164,PSME,119.5
581313.451,5074512.267,TABR,6.2
581313.416,5074512.823,TABR,13.8
581310.768,5074514.36,TABR,12.9
581312.964,5074517.722,TABR,13.6
581312.7,5074520.76,ABAM,44.6
581319.023,5074512.087,TABR,32.7
581322.821,5074508.568,PSME,127.8
581325.453,5074505.967,TABR,14.4
581327.135,5074506.784,ABAM,76.3
581320.668,5074515.553,TABR,10.8
581320.663,5074515.803,TABR,22.3
581324.109,5074517.756,PSME,124.5
581325.281,5074519.543,PSME,33.0
581325.904,5074514.831,TSHE,9.8
581328.356,5074514.679,TSHE,21.2
581331.739,5074505.151,TSHE,6.8
581330.002,5074509.1,TABR,5.9
581331.036,5074515.881,TSHE,10.5
581379.458,5074481.552,TSHE,9.7
581395.203,5074521.827,TSHE,29.9
581395.199,5074521.973,TSHE,11.1
581392.631,5074525.413,TSHE,16.3
581391.151,5074525.895,PSME,110.7
581400.782,5074522.943,PSME,76.9
581399.957,5074523.617,TSHE,6.5
581401.267,5074524.323,TSHE,55.6
581402.098,5074526.352,PSME,117.0
581396.017,5074530.099,THPL,108.6
581392.073,5074531.952,TSHE,18.3
581389.765,5074530.387,TSHE,49.9
581384.978,5074530.962,TSHE,46.7
581387.058,5074535.173,PSME,127.5
581391.972,5074539.229,PSME,71.3
581395.091,5074545.639,PSME,116.2
581399.178,5074543.171,TSHE,14.4
581399.467,5074541.646,TSHE,14.9
581399.123,5074538.806,NA'(,59.7
581406.052,5074545.259,PIMO,87.3
581409.188,5074543.411,TABR,7.5
581405.597,5074542.819,TSHE,62.3
581406.82,5074540.69,TABR,17.9
581403.919,5074537.827,TSHE,39.1
581407.736,5074537.881,TSHE,35.7
581383.896,5074524.392,PSME,121.4
581380.931,5074522.078,TSHE,22.2
581373.53,5074521.285,TSHE,61.0
581364.054,5074521.724,PSME,97.4
581363.867,5074523.171,TABR,6.1
581361.199,5074523.796,TABR,17.8
581362.247,5074525.077,TSHE,57.1
581370.788,5074524.578,PSME,104.6
581373.714,5074526.51,PSME,59.9
581371.719,5074528.062,TABR,14.7
581360.295,5074530.988,TABR,21.9
581369.282,5074531.148,PSME,83.9
581360.765,5074534.699,PSME,96.5
581364.369,5074533.232,PSME,56.1
581367.255,5074534.749,PSME,78.7
581373.949,5074531.989,TSHE,7.4
581370.946,5074534.177,TSHE,56.7
581365.167,5074538.443,TSHE,11.3
581365.412,5074539.217,TSHE,33.9
581363.836,5074540.584,TSHE,5.0
581368.453,5074539.622,PSME,39.7
581372.502,5074537.973,TABR,9.1
581363.721,5074543.099,TSHE,39.6
581370.968,5074541.805,TSHE,6.6
581374.6,5074538.365,TSHE,7.4
581375.136,5074541.82,TSHE,16.6
581376.558,5074541.915,TSHE,22.1
581380.424,5074533.7,TSHE,14.1
581379.884,5074534.888,TSHE,13.7
581379.324,5074537.534,TSHE,21.9
581379.468,5074541.542,ABGR,70.6
581380.186,5074542.595,TSHE,6.6
581380.85,5074538.629,TABR,5.5
581381.914,5074536.516,TSHE,34.7
581381.595,5074541.008,PSME,115.2
581382.083,5074541.288,TSHE,6.8
581366.561,5074548.155,TSHE,76.5
581361.48,5074548.806,PSME,37.7
581361.143,5074549.702,PSME,144.0
581361.147,5074556.176,TSHE,88.3
581370.923,5074553.322,TSHE,57.0
581374.546,5074551.023,TABR,38.0
581380.895,5074549.083,TSHE,21.8
581377.088,5074553.989,TSHE,79.7
581375.881,5074554.328,TABR,14.5
581361.221,5074570.364,THPL,101.3
581364.225,5074569.353,THPL,73.0
581369.552,5074565.625,TABR,8.5
581370.533,5074567.331,PSME,186.7
581376.097,5074561.771,TSHE,67.4
581400.725,5074547.09,TSHE,14.7
581399.991,5074547.83,TSHE,36.0
581394.732,5074549.911,PSME,115.7
581401.257,5074549.491,TSHE,20.8
581400.761,5074550.214,TSHE,58.7
581401.634,5074549.939,THPL,9.7
581396.728,5074551.059,TSHE,17.4
581391.292,5074551.8,TSHE,47.9
581388.473,5074553.331,TSHE,41.7
581395.952,5074552.97,TSHE,51.3
581399.352,5074552.236,PSME,114.0
581397.671,5074553.16,TSHE,29.2
581385.827,5074554.846,ABGR,66.2
581390.893,5074555.832,TSHE,19.2
581394.542,5074558.161,TSHE,15.0
581382.779,5074565.989,TSHE,5.5
581383.627,5074567.506,TSHE,5.5
581386.864,5074568.678,TABR,5.0
581391.659,5074567.723,TABR,45.6
581406.445,5074551.346,NA'(,45.3
581404.742,5074555.419,TABR,8.4
581400.105,5074565.671,THPL,111.0
581403.063,5074561.546,TSHE,22.2
581401.597,5074565.865,TSHE,5.3
581403.825,5074566.666,TSHE,8.4
581405.11,5074566.228,TSHE,11.7
581405.053,5074570.437,TABR,64.3
581409.355,5074559.773,TABR,5.3
581359.097,5074521.818,ABGR,22.4
581357.358,5074522.319,TABR,21.3
581354.176,5074521.54,TABR,11.1
581349.998,5074521.225,TABR,5.7
581347.375,5074522.225,TSHE,6.2
581339.554,5074521.23,TSHE,6.0
581337.837,5074522.074,TABR,11.3
581344.985,5074525.205,PSME,87.9
581334.998,5074525.133,TABR,12.9
581339.414,5074527.186,TABR,16.4
581338.98,5074527.976,TABR,10.4
581338.101,5074534.157,PSME,125.2
581338.894,5074534.381,TSHE,7.8
581341.345,5074533.171,PSME,68.0
581350.762,5074527.334,TABR,9.4
581341.836,5074534.197,TABR,7.7
581339.321,5074537.439,TABR,11.9
581339.196,5074537.784,TABR,7.1
581343.546,5074533.74,TABR,16.8
581347.905,5074531.553,PSME,109.2
581354.391,5074527.509,PSME,147.8
581352.551,5074530.022,CONU,11.7
581345.824,5074535.13,TABR,6.9
581345.551,5074534.988,TABR,8.6
581345.913,5074535.269,TABR,6.6
581348.546,5074535.829,PSME,103.5
581350.838,5074534.687,PSME,40.5
581353.558,5074532.016,TABR,19.5
581354.834,5074529.943,PSME,41.0
581339.283,5074544.657,TSHE,35.5
581343.646,5074543.66,PSME,117.3
581344.051,5074542.859,TSHE,26.6
581350.687,5074539.686,THPL,99.2
581350.379,5074542.582,TSHE,84.8
581350.911,5074542.217,TSHE,11.6
581353.661,5074538.812,TABR,5.8
581353.316,5074540.783,PSME,102.9
581356.263,5074536.016,TABR,14.4
581354.124,5074541.988,TSHE,24.6
581358.384,5074533.514,PIMO,65.1
581359.69,5074541.636,TABR,11.0
581376.322,5074534.839,TSHE,8.0
581352.792,5074547.885,TSHE,49.7
581346.254,5074546.67,TABR,6.2
581343.764,5074547.514,PSME,62.3
581337.681,5074547.605,PSME,96.3
581336.792,5074549.546,TSHE,108.2
581341.67,5074551.571,TABR,7.2
581344.71,5074551.948,TSHE,37.9
581347.983,5074552.232,PIMO,88.5
581350.788,5074550.419,PSME,62.5
581343.932,5074554.491,PIMO,76.4
581340.401,5074556.194,PIMO,67.5
581335.717,5074559.155,TSHE,12.9
581350.488,5074552.53,PIMO,78.3
581345.828,5074558.972,ABAM,39.5
581342.088,5074561.302,ABAM,70.7
581337.438,5074564.826,TSHE,17.1
581336.235,5074566.449,THPL,59.1
581340.043,5074563.797,TSHE,6.6
581342.753,5074562.319,TSHE,5.0
581345.201,5074560.25,TSHE,9.2
581345.957,5074559.986,TSHE,14.6
581346.91,5074559.724,TSHE,54.3
581335.788,5074570.237,TABR,13.2
581347.424,5074563.031,PSME,31.6
581346.681,5074565.142,TABR,39.8
581347.848,5074565.663,PSME,59.5
581352.209,5074555.418,TABR,18.4
581357.808,5074550.618,TABR,7.1
581357.636,5074563.755,TSHE,93.2
581360.149,5074561.628,TABR,9.0
581348.91,5074572.16,THPL,9.2
581343.859,5074572.99,TABR,5.5
581339.436,5074572.257,PSME,72.0
581335.24,5074571.042,ABAM,80.2
581338.915,5074573.095,TSHE,8.3
581339.957,5074573.33,PSME,85.5
581336.961,5074573.907,TSHE,7.0
581336.129,5074574.203,TABR,13.9
581345.081,5074574.29,THPL,56.0
581344.5,5074577.707,TSHE,68.7
581343.755,5074579.039,PSME,84.2
581341.857,5074581.444,PSME,115.7
581338.595,5074585.282,PSME,56.3
581335.699,5074587.899,PSME,55.8
581339.559,5074587.624,TSHE,9.0
581348.077,5074581.073,ABAM,7.1
581341.105,5074588.079,TSHE,50.8
581336.945,5074594.447,TSHE,26.5
581352.696,5074579.265,TSHE,11.1
581354.773,5074577.316,TABR,18.6
581351.349,5074580.752,TABR,17.0
581342.844,5074589.896,TSHE,8.7
581343.154,5074590.102,TSHE,34.6
581345.606,5074589.474,TABR,30.1
581341.381,5074594.965,TSHE,61.2
581340.736,5074595.145,THPL,11.8
581343.174,5074594.202,TSHE,13.4
581343.579,5074594.477,TSHE,9.8
581347.043,5074596.088,PSME,106.4
581348.578,5074591.591,TSHE,65.7
581349.973,5074590.017,PSME,157.2
581356.487,5074578.35,PSME,77.7
581358.077,5074575.302,TSHE,60.3
581353.931,5074589.236,TSHE,36.4
581356.844,5074583.705,THPL,8.4
581356.195,5074586.725,TSHE,49.9
581359.611,5074576.243,TSHE,29.2
581355.249,5074593.566,ABAM,5.3
581359.088,5074585.142,THPL,110.4
581356.466,5074596.211,PSME,131.1
581373.289,5074570.331,PSME,152.1
581361.069,5074570.965,THPL,10.4
581360.934,5074571.663,THPL,131.2
581361.123,5074573.188,PSME,95.7
581364.164,5074577.204,PSME,46.2
581362.891,5074578.966,TSHE,20.4
581360.311,5074582.319,PSME,106.6
581360.291,5074583.498,TSHE,8.1
581360.593,5074585.442,THPL,115.8
581365.052,5074583.907,PSME,76.5
581361.653,5074588.295,TSHE,15.2
581380.083,5074575.031,TSHE,11.6
581380.504,5074575.34,TSHE,5.7
581379.682,5074578.07,THPL,97.2
581360.898,5074592.127,TSHE,52.5
581363.028,5074593.411,TSHE,57.0
581366.02,5074590.611,ABAM,7.3
581370.828,5074590.146,TSHE,31.9
581376.589,5074584.055,TSHE,23.9
581372.708,5074591.045,THPL,72.2
581372.124,5074594.81,PSME,107.9
581378.655,5074582.777,PSME,123.7
581381.16,5074581.205,TSHE,77.7
581381.44,5074588.402,THPL,17.8
581382.71,5074592.639,ABAM,9.9
581383.675,5074590.378,TSHE,6.7
581406.69,5074572.323,PSME,93.3
581398.843,5074573.533,TSHE,49.7
581392.616,5074571.418,ABGR,79.8
581395.613,5074574.878,TSHE,24.3
581395.678,5074575.05,TSHE,11.8
581393.435,5074577.01,PSME,107.6
581389.258,5074579.496,TSHE,68.2
581384.941,5074584.391,PSME,51.6
581391.58,5074580.448,PSME,86.8
581401.993,5074576.088,PSME,70.6
581396.618,5074578.549,TSHE,38.0
581398.607,5074579.806,TSHE,26.7
581392.715,5074587.048,PSME,81.0
581389.969,5074589.637,PSME,56.1
581386.719,5074593.698,PSME,116.8
581401.353,5074578.726,TSHE,31.2
581396.596,5074585.421,TSHE,79.7
581392.843,5074595.21,TSHE,84.0
581395.588,5074590.77,TSHE,54.6
581402.638,5074578.479,PSME,92.6
581405.927,5074577.208,TABR,7.5
581400.038,5074595.17,PSME,75.7
581406.596,5074581.649,TABR,12.4
581405.835,5074590.068,TSHE,8.1
581409.077,5074580.81,TABR,17.7
581409.992,5074580.103,ABGR,50.4
581408.756,5074595.989,PSME,104.5
581312.484,5074521.496,TABR,14.3
581311.288,5074521.186,TABR,22.6
581310.891,5074521.149,TABR,6.5
581311.053,5074521.466,TABR,5.0
581320.859,5074523.524,TSHE,39.5
581318.394,5074523.708,NA'(,47.8
581322.866,5074524.147,TABR,13.8
581316.13,5074526.331,NA'(,31.1
581315.152,5074527.284,TABR,8.8
581325.498,5074525.306,PSME,105.6
581330.394,5074523.491,PSME,97.6
581328.758,5074524.645,TABR,36.5
581332.378,5074523.98,PSME,101.6
581320.133,5074531.256,TSHE,87.6
581316.184,5074534.773,TABR,15.7
581323.589,5074530.21,TABR,16.0
581315.618,5074541.437,TABR,8.2
581319.145,5074539.033,TSHE,20.2
581326.901,5074531.59,TSHE,7.5
581316.543,5074545.534,TSHE,76.4
581317.109,5074544.757,TABR,6.9
581318.371,5074544.14,TABR,6.6
581323.6,5074536.681,THPL,13.3
581327.78,5074531.499,TSHE,17.9
581330.009,5074528.75,TABR,20.3
581324.896,5074536.913,TABR,12.4
581323.376,5074539.086,PSME,95.5
581324.297,5074542.221,TABR,10.3
581326.415,5074539.028,TABR,11.5
581327.245,5074538.853,TABR,6.6
581330.495,5074531.965,TSHE,52.0
581331.764,5074532.072,PSME,114.7
581332.583,5074530.38,TSHE,36.0
581329.025,5074539.12,TSHE,8.8
581331.636,5074539.55,PSME,100.8
581331.635,5074540.793,TABR,37.6
581333.257,5074536.412,TABR,22.2
581334.307,5074537.576,TABR,7.2
581330.305,5074546.702,TSHE,38.2
581325.05,5074546.81,TSHE,47.4
581321.287,5074546.59,THPL,18.5
581325.201,5074549.249,TSHE,61.2
581310.778,5074552.41,PSME,110.1
581323.807,5074552.137,TABR,6.5
581318.035,5074555.132,TSHE,92.8
581312.768,5074558.718,TABR,7.4
581317.435,5074557.681,TABR,13.8
581324.371,5074554.435,TABR,6.3
581314.646,5074562.232,TABR,9.1
581317.611,5074562.412,TABR,8.4
581322.215,5074558.973,TSHE,92.7
581314.247,5074566.676,TSHE,41.5
581313.195,5074570.575,THPL,19.1
581324.774,5074560.208,TSHE,34.2
581323.475,5074561.618,THPL,22.6
581325.183,5074560.914,TSHE,16.4
581323.727,5074564.126,TABR,16.6
581328.713,5074557.353,TSHE,9.8
581326.616,5074563.818,PIMO,70.8
581327.606,5074564.426,TABR,5.6
581327.927,5074564.609,TABR,7.3
581325.896,5074570.946,THPL,65.0
581332.903,5074556.407,TSHE,6.0
581331.832,5074569.87,TABR,43.0
581334.354,5074551.207,TSHE,7.8
581333.981,5074558.188,TSHE,13.7
581324.844,5074571.827,TABR,6.1
581323.305,5074574.007,THPL,36.3
581318.123,5074575.091,THPL,41.3
581316.873,5074575.413,ABAM,8.4
581316.614,5074584.774,TABR,15.9
581319.881,5074583.72,THPL,67.3
581320.369,5074585.22,TABR,43.0
581316.67,5074586.906,ABAM,8.0
581318.126,5074588.113,TSHE,25.4
581320.484,5074587.844,TSHE,11.1
581311.805,5074594.667,TSHE,72.3
581325.214,5074584.552,TSHE,7.8
581326.394,5074585.866,TSHE,17.2
581324.673,5074588.223,THPL,96.0
581328.757,5074584.588,NA'(),48.1
581333.187,5074577.168,TABR,31.4
581333.492,5074577.28,TABR,7.7
581322.821,5074594.453,TSHE,40.4
581323.896,5074595.845,TABR,18.2
581327.503,5074593.117,ABAM,8.6
581329.344,5074592.961,TSHE,84.1
581331.757,5074588.679,TABR,6.7
581332.0,5074590.116,TSHE,18.7
581331.892,5074590.429,TSHE,9.8
581334.045,5074586.568,PSME,76.4
581334.563,5074587.584,TSHE,56.9
581324.258,5074596.459,TABR,19.9
581313.011,5074599.416,PSME,101.4
581311.629,5074601.551,TSHE,6.2
581320.205,5074600.862,TSHE,5.0
581309.482,5074603.797,TSHE,14.0
581310.335,5074603.78,TSHE,26.6
581313.436,5074607.739,PSME,64.0
581321.8,5074602.193,PSME,125.1
581316.494,5074605.885,ABAM,12.9
581312.128,5074610.464,TSHE,50.5
581317.968,5074607.436,TABR,8.0
581312.334,5074613.646,TSHE,24.1
581312.258,5074614.339,TSHE,12.5
581315.294,5074612.537,TSHE,34.7
581322.045,5074607.215,ABAM,6.5
581313.95,5074614.668,ABAM,54.6
581320.126,5074609.43,ABAM,8.9
581312.317,5074618.137,THPL,33.6
581320.825,5074611.419,ABAM,17.7
581327.061,5074605.567,TSHE,71.3
581329.276,5074604.362,TSHE,19.1
581324.628,5074609.56,ABAM,28.9
581320.695,5074613.476,ABAM,7.7
581320.194,5074613.998,ABGR,24.3
581320.305,5074614.536,TSHE,18.1
581318.11,5074616.467,ABAM,12.0
581328.331,5074607.146,ABAM,11.3
581321.962,5074618.977,ABAM,53.3
581322.806,5074619.836,TABR,19.2
581324.905,5074617.573,ABAM,8.1
581327.566,5074615.784,PSME,89.8
581330.317,5074609.505,ABAM,6.9
581328.701,5074616.516,PSME,150.5
581327.708,5074620.704,ABAM,43.2
581333.48,5074617.911,TABR,23.5
581333.82,5074613.462,ABAM,6.3
581334.262,5074614.344,ABAM,29.9
581334.672,5074605.835,ABAM,28.4
581352.602,5074597.299,ABAM,27.9
581349.298,5074597.382,TSHE,9.5
581338.92,5074600.177,PSME,119.8
581342.621,5074600.692,ABAM,5.6
581338.169,5074601.089,TABR,8.8
581335.34,5074602.539,PSME,128.2
581342.153,5074602.655,ABAM,13.8
581345.445,5074603.08,ABAM,7.2
581340.1,5074607.351,ABAM,11.6
581337.225,5074610.726,PSME,110.0
581343.152,5074607.796,ABAM,15.1
581340.817,5074611.259,THPL,83.9
581337.453,5074614.624,PSME,53.2
581339.608,5074613.62,TABR,17.4
581344.517,5074610.273,ABAM,6.1
581348.314,5074606.711,TSHE,20.2
581355.353,5074600.724,ABAM,8.7
581342.406,5074613.16,TSHE,8.2
581344.597,5074611.854,THPL,35.4
581338.318,5074616.462,ABAM,5.2
581337.019,5074619.294,PSME,140.6
581341.307,5074615.881,ABAM,16.1
581348.26,5074609.82,ABAM,30.9
581347.768,5074614.758,ABAM,7.5
581343.481,5074620.362,TSHE,76.9
581346.303,5074619.169,TABR,11.1
581346.994,5074618.891,TABR,7.0
581355.969,5074604.819,PSME,83.8
581350.846,5074615.372,ABAM,9.5
581356.493,5074606.412,ABAM,54.5
581354.251,5074610.915,TSHE,28.8
581355.526,5074619.373,PSME,116.4
581355.257,5074620.42,TSHE,50.2
581359.741,5074603.531,THPL,8.1
581359.393,5074610.868,TSHE,64.6
581358.808,5074619.845,ABAM,5.3
581371.314,5074598.872,ABAM,5.7
581365.197,5074599.835,PSME,98.8
581361.679,5074602.218,TSHE,39.7
581382.384,5074596.913,PSME,47.5
581367.662,5074605.261,TSHE,60.5
581374.377,5074601.936,TSHE,66.1
581363.767,5074608.449,TSHE,69.9
581365.207,5074608.35,TSHE,11.4
581375.834,5074602.906,TSHE,9.8
581366.363,5074612.699,PSME,126.7
581364.599,5074619.894,TSHE,68.8
581368.486,5074614.776,PSME,96.6
581369.028,5074618.344,TSHE,43.1
581375.966,5074610.985,PSME,98.6
581373.98,5074616.557,PSME,95.4
581374.89,5074616.322,PSME,65.6
581374.635,5074619.644,PSME,54.5
581376.021,5074618.497,TSHE,5.5
581377.274,5074618.675,PSME,115.7
581378.15,5074618.851,TSHE,15.5
581380.125,5074612.396,PSME,26.7
581380.594,5074614.198,TSHE,12.5
581381.445,5074615.63,TSHE,19.7
581381.924,5074617.751,PSME,63.1
581382.35,5074618.532,PSME,100.0
581381.963,5074619.655,TSHE,5.6
581384.974,5074615.647,PSME,117.2
581403.4,5074595.894,TSHE,9.0
581394.772,5074595.721,THPL,27.1
581385.356,5074599.057,TSHE,81.8
581395.831,5074600.96,PSME,86.4
581390.31,5074603.898,TSHE,6.7
581389.424,5074606.975,THPL,19.1
581387.408,5074609.239,TSHE,77.5
581390.848,5074612.285,PSME,59.6
581394.213,5074610.531,ABAM,8.8
581404.201,5074602.606,TSHE,18.9
581401.843,5074605.902,PSME,51.2
581400.016,5074608.148,TSHE,25.2
581398.199,5074611.522,PSME,80.2
581396.744,5074614.242,PSME,24.0
581395.852,5074615.704,TSHE,7.7
581393.498,5074617.927,THPL,144.7
581397.399,5074615.046,TSHE,9.3
581396.853,5074617.875,TSHE,5.0
581401.561,5074612.944,TSHE,7.1
581401.558,5074619.815,TSHE,85.7
581404.143,5074611.995,PSME,87.2
581405.471,5074607.113,THPL,24.7
581405.9,5074606.919,PSME,55.9
581407.119,5074605.766,TSHE,20.1
581406.266,5074610.374,PSME,52.6
581407.413,5074614.311,TABR,14.4
581407.579,5074616.814,TABR,9.7
581407.511,5074618.162,TSHE,70.1
581310.0,5074421.0,SWCorner,0.0
