TAG,SPECIES,DBH,HEIGHT,X,Y,UTM_X,UTM_Y
2,ABGR,62.7,46.0,305.5,202.8,581415.5,5074523.8
3,TSHE,112.6,30.5,301.4,204.4,581411.4,5074525.4
4,ABGR,71.1,49.3,311.7,204.9,581421.7,5074525.9
6,TSHE,11.7,5.4,312.5,204.7,581422.5,5074525.7
15,ABGR,47.9,4.6,301.4,219.7,581411.4,5074540.7
17,ABGR,59.7,5.5,302.7,221.0,581412.7,5074542.0
18,TSHE,7.7,5.0,316.1,208.5,581426.1,5074529.5
19,ABGR,21.8,5.0,317.7,207.9,581427.7,5074528.9
28,UKN,41.0,2.7,319.5,214.6,581429.5,5074535.6
30,PSME,17.8,3.3,322.8,207.4,581432.8,5074528.4
34,UKN,58.7,3.1,321.4,215.9,581431.4,5074536.9
35,UKN,55.5,6.1,323.1,221.3,581433.1,5074542.3
42,PSME,60.2,3.9,311.2,229.6,581421.2,5074550.6
44,TABR,5.0,2.8,301.0,239.0,581411.0,5074560.0
52,PSME,79.9,4.1,304.7,249.2,581414.7,5074570.2
61,PSME,126.4,14.4,322.4,242.8,581432.4,5074563.8
62,PSME,78.9,15.1,346.7,225.4,581456.7,5074546.4
63,PSME,75.1,19.0,345.1,225.3,581455.1,5074546.3
72,PSME,122.2,57.7,344.7,226.6,581454.7,5074547.6
73,TABR,6.2,3.2,325.9,238.5,581435.9,5074559.5
78,PSME,131.0,52.2,343.8,230.4,581453.8,5074551.4
79,TABR,6.3,4.2,347.9,227.8,581457.9,5074548.8
82,TSHE,7.3,3.5,326.9,249.7,581436.9,5074570.7
83,PSME,76.3,7.0,332.6,244.6,581442.6,5074565.6
95,PSME,54.7,2.1,327.0,207.6,581437.0,5074528.6
101,ABGR,26.4,16.0,336.1,206.3,581446.1,5074527.3
111,PIMO,114.5,5.7,328.0,222.7,581438.0,5074543.7
113,PSME,57.8,18.2,346.6,205.4,581456.6,5074526.4
116,PSME,47.9,3.5,344.8,211.3,581454.8,5074532.3
124,TSHE,11.2,5.1,316.5,250.0,581426.5,5074571.0
125,TSHE,16.2,3.6,306.1,250.4,581416.1,5074571.4
130,PSME,71.9,6.0,311.7,253.3,581421.7,5074574.3
146,PSME,84.4,8.1,305.4,271.8,581415.4,5074592.8
149,UKN,45.0,3.6,310.0,273.0,581420.0,5074594.0
158,PSME,77.7,7.7,328.7,252.4,581438.7,5074573.4
161,PSME,144.2,33.2,333.2,255.5,581443.2,5074576.5
163,PSME,137.8,64.4,344.9,252.7,581454.9,5074573.7
169,TSHE,6.5,2.7,325.5,270.4,581435.5,5074591.4
170,THPL,32.5,8.2,325.4,272.0,581435.4,5074593.0
182,PSME,123.1,50.1,351.2,253.0,581461.2,5074574.0
186,PSME,81.5,2.7,363.1,255.2,581473.1,5074576.2
189,PSME,70.1,2.9,360.9,258.6,581470.9,5074579.6
192,PSME,40.5,2.5,365.5,257.3,581475.5,5074578.3
193,THPL,44.0,23.3,367.1,256.6,581477.1,5074577.6
198,TABR,10.4,2.2,373.4,252.7,581483.4,5074573.7
201,THPL,23.3,13.4,367.2,266.6,581477.2,5074587.6
212,TSHE,5.2,2.9,351.3,230.6,581461.3,5074551.6
219,PSME,84.6,30.1,363.8,231.4,581473.8,5074552.4
221,ABAM,31.1,17.2,365.5,233.9,581475.5,5074554.9
224,PSME,40.6,2.7,368.4,233.0,581478.4,5074554.0
225,UKN,60.0,7.5,364.6,238.3,581474.6,5074559.3
228,TSHE,22.7,14.1,368.8,234.4,581478.8,5074555.4
240,UKN,41.3,3.0,375.1,241.3,581485.1,5074562.3
255,TSHE,5.9,2.3,365.3,213.2,581475.3,5074534.2
259,ABGR,76.5,13.5,369.3,210.3,581479.3,5074531.3
264,PSME,70.0,5.9,301.0,276.5,581411.0,5074597.5
266,PSME,84.3,8.4,301.1,278.5,581411.1,5074599.5
276,PSME,21.6,6.0,306.5,299.8,581416.5,5074620.8
278,PSME,82.3,14.8,317.8,287.2,581427.8,5074608.2
282,PSME,35.7,4.1,318.9,290.1,581428.9,5074611.1
285,PSME,70.6,7.5,322.1,288.1,581432.1,5074609.1
289,TSHE,13.0,6.3,324.7,288.6,581434.7,5074609.6
294,PSME,75.3,9.1,325.1,286.1,581435.1,5074607.1
296,TSHE,41.7,13.3,327.2,287.8,581437.2,5074608.8
299,PSME,86.3,5.6,338.5,284.3,581448.5,5074605.3
303,PSME,82.7,2.8,344.1,281.8,581454.1,5074602.8
304,TSHE,68.1,8.6,344.7,282.7,581454.7,5074603.7
305,PSME,74.6,11.7,342.7,287.3,581452.7,5074608.3
306,PSME,25.9,3.6,342.7,289.1,581452.7,5074610.1
309,TSHE,11.7,5.5,344.6,290.7,581454.6,5074611.7
321,PSME,121.1,48.3,361.0,283.8,581471.0,5074604.8
329,PSME,91.6,8.7,371.8,279.2,581481.8,5074600.2
343,TSHE,33.8,20.0,390.2,279.4,581500.2,5074600.4
359,TSHE,21.6,10.0,377.6,252.9,581487.6,5074573.9
362,TSHE,17.1,6.4,375.7,266.2,581485.7,5074587.2
368,PSME,75.1,7.7,389.2,265.7,581499.2,5074586.7
370,PSME,91.8,8.6,391.1,263.6,581501.1,5074584.6
372,PSME,52.2,3.8,397.6,259.6,581507.6,5074580.6
375,THPL,23.6,9.3,399.6,259.2,581509.6,5074580.2
378,UKN,74.1,5.9,399.7,265.1,581509.7,5074586.1
379,PSME,60.2,2.6,378.2,225.3,581488.2,5074546.3
382,PSME,101.8,12.5,379.3,231.2,581489.3,5074552.2
386,PSME,44.1,4.7,377.0,242.7,581487.0,5074563.7
399,TSHE,110.5,11.8,393.6,242.5,581503.6,5074563.5
402,PSME,92.0,41.8,396.4,236.3,581506.4,5074557.3
417,PSME,38.7,2.1,389.2,224.1,581499.2,5074545.1
420,TSHE,15.5,8.7,395.9,214.9,581505.9,5074535.9
1002,PSME,46.9,2.9,307.0,175.9,581417.0,5074496.9
1005,PIMO,111.0,46.3,305.6,180.7,581415.6,5074501.7
1022,TSHE,5.6,3.8,315.1,192.8,581425.1,5074513.8
1025,ABGR,32.1,30.4,322.6,180.6,581432.6,5074501.6
1032,TSHE,5.5,2.8,317.5,197.5,581427.5,5074518.5
1043,TABR,7.4,4.0,337.5,180.1,581447.5,5074501.1
1053,TABR,8.5,6.4,340.6,186.9,581450.6,5074507.9
1058,TABR,6.5,4.6,335.9,197.9,581445.9,5074518.9
1063,ABGR,87.7,43.0,347.4,181.2,581457.4,5074502.2
1065,PSME,33.5,2.3,349.5,177.2,581459.5,5074498.2
1066,TSHE,5.8,3.2,348.6,180.9,581458.6,5074501.9
1068,PSME,85.9,6.8,350.1,177.6,581460.1,5074498.6
1080,PSME,113.5,5.9,326.6,159.3,581436.6,5074480.3
1084,PSME,62.3,7.3,326.9,161.6,581436.9,5074482.6
1100,TSHE,6.4,3.2,335.3,174.0,581445.3,5074495.0
1111,PSME,33.5,3.3,323.9,149.9,581433.9,5074470.9
1113,PSME,65.0,3.0,311.7,150.6,581421.7,5074471.6
1121,PSME,79.1,6.5,299.8,163.4,581409.8,5074484.4
1123,PSME,92.9,12.8,315.9,154.7,581425.9,5074475.7
1135,TSHE,12.5,3.7,307.9,171.1,581417.9,5074492.1
1159,PSME,32.7,2.4,353.4,180.4,581463.4,5074501.4
1161,PSME,69.5,9.1,354.8,181.0,581464.8,5074502.0
1162,ABAM,5.6,4.9,367.4,177.2,581477.4,5074498.2
1163,TSHE,7.3,4.1,364.0,178.1,581474.0,5074499.1
1165,ABAM,6.6,3.6,366.1,178.1,581476.1,5074499.1
1168,ABAM,5.4,3.4,370.7,177.2,581480.7,5074498.2
1172,PSME,54.5,7.2,357.0,184.9,581467.0,5074505.9
1173,PSME,71.5,5.7,357.5,185.9,581467.5,5074506.9
1178,ABAM,6.0,3.7,354.7,190.1,581464.7,5074511.1
1186,PSME,81.7,7.1,364.4,187.6,581474.4,5074508.6
1188,TABR,6.6,5.6,371.6,179.4,581481.6,5074500.4
1191,PSME,62.7,3.9,359.0,199.5,581469.0,5074520.5
1192,TSHE,5.8,3.2,366.4,189.2,581476.4,5074510.2
1194,ABAM,5.4,2.8,372.4,181.1,581482.4,5074502.1
1197,PSME,87.1,16.2,364.3,196.2,581474.3,5074517.2
1199,PSME,52.7,2.7,363.3,197.8,581473.3,5074518.8
1205,ABAM,6.6,3.9,374.9,183.4,581484.9,5074504.4
1223,TSHE,7.9,4.6,366.9,158.3,581476.9,5074479.3
1224,PSME,56.0,6.9,355.2,168.0,581465.2,5074489.0
1227,TSHE,8.1,3.8,363.7,162.6,581473.7,5074483.6
1234,PSME,69.4,22.4,362.1,170.3,581472.1,5074491.3
1242,TABR,5.9,3.2,370.1,165.0,581480.1,5074486.0
1252,TABR,9.4,4.3,355.2,125.8,581465.2,5074446.8
1255,TABR,7.5,3.1,359.8,129.0,581469.8,5074450.0
1256,TABR,5.2,3.0,350.7,129.3,581460.7,5074450.3
1272,PSME,51.4,3.0,354.4,142.9,581464.4,5074463.9
1277,PSME,45.3,4.0,370.0,131.1,581480.0,5074452.1
1287,TABR,12.1,6.4,374.3,129.2,581484.3,5074450.2
1300,THPL,18.4,6.1,335.4,134.8,581445.4,5074455.8
1302,ABGR,98.2,10.5,327.7,141.2,581437.7,5074462.2
1305,PSME,70.3,3.0,330.1,149.4,581440.1,5074470.4
1310,TABR,16.2,6.9,345.3,133.0,581455.3,5074454.0
1312,TABR,18.1,7.5,342.6,145.7,581452.6,5074466.7
1314,TSHE,26.9,10.2,343.9,140.8,581453.9,5074461.8
1317,TSHE,23.0,9.6,347.0,130.7,581457.0,5074451.7
1321,PSME,71.3,15.0,346.7,137.9,581456.7,5074458.9
1323,PSME,94.5,9.6,348.6,140.1,581458.6,5074461.1
1324,PSME,82.2,3.2,349.4,148.9,581459.4,5074469.9
1325,TSHE,27.6,12.7,315.2,125.7,581425.2,5074446.7
1332,PSME,100.4,43.2,302.5,142.0,581412.5,5074463.0
1333,PSME,78.6,41.5,310.8,138.1,581420.8,5074459.1
1334,TABR,14.7,7.0,315.8,133.0,581425.8,5074454.0
1335,PSME,98.1,8.9,315.1,134.8,581425.1,5074455.8
1337,PSME,64.6,29.9,299.9,149.2,581409.9,5074470.2
1340,TSHE,9.4,4.0,304.9,147.8,581414.9,5074468.8
1349,PSME,63.3,10.8,316.5,145.5,581426.5,5074466.5
1353,PSME,36.1,2.7,324.5,127.8,581434.5,5074448.8
1354,ABAM,45.9,27.7,324.6,136.3,581434.6,5074457.3
1381,ABGR,64.8,3.0,381.9,196.0,581491.9,5074517.0
1384,PSME,71.1,12.0,390.4,192.0,581500.4,5074513.0
1398,PSME,87.2,4.1,385.9,158.9,581495.9,5074479.9
1407,TSHE,12.5,4.6,386.1,163.4,581496.1,5074484.4
1415,ABGR,56.1,12.1,393.6,161.8,581503.6,5074482.8
1418,TSHE,7.9,2.7,390.7,168.8,581500.7,5074489.8
1423,TSHE,8.9,4.8,394.6,165.1,581504.6,5074486.1
1425,PSME,57.6,6.4,391.5,171.2,581501.5,5074492.2
1428,PSME,67.3,8.5,399.0,171.5,581509.0,5074492.5
1439,PSME,56.5,4.5,377.5,133.6,581487.5,5074454.6
1449,PSME,36.3,2.7,384.9,139.5,581494.9,5074460.5
1459,TSHE,25.0,9.4,393.0,147.0,581503.0,5074468.0
1460,PSME,65.3,3.9,395.4,144.7,581505.4,5074465.7
1461,TSHE,16.0,5.4,397.2,140.0,581507.2,5074461.0
1462,TSHE,16.9,4.7,398.2,136.9,581508.2,5074457.9
1466,PSME,64.6,12.8,382.3,101.3,581492.3,5074422.3
1478,ABGR,40.6,21.6,387.5,107.5,581497.5,5074428.5
1481,PSME,77.0,7.5,382.1,112.8,581492.1,5074433.8
1499,TSHE,12.3,4.0,387.4,119.7,581497.4,5074440.7
1501,PIMO,63.0,49.5,388.1,124.4,581498.1,5074445.4
1502,TSHE,101.0,3.6,392.6,119.7,581502.6,5074440.7
1514,PSME,87.8,7.8,365.9,104.5,581475.9,5074425.5
1515,PSME,29.1,2.7,352.0,111.8,581462.0,5074432.8
1520,PSME,53.0,3.5,353.7,120.0,581463.7,5074441.0
1521,PSME,69.0,2.3,353.1,122.0,581463.1,5074443.0
1525,TABR,6.6,5.5,359.7,117.9,581469.7,5074438.9
1529,PSME,73.6,5.9,365.1,114.5,581475.1,5074435.5
1530,TSHE,53.0,44.5,370.3,106.5,581480.3,5074427.5
1538,PSME,70.7,14.6,367.2,119.2,581477.2,5074440.2
1542,PSME,101.0,8.2,372.3,116.1,581482.3,5074437.1
1544,TABR,18.3,10.1,347.2,100.5,581457.2,5074421.5
1547,TABR,9.3,4.2,333.5,101.8,581443.5,5074422.8
1556,TABR,9.0,2.5,340.6,105.3,581450.6,5074426.3
1557,TABR,11.1,2.5,342.9,104.2,581452.9,5074425.2
1559,TSHE,17.5,3.2,335.6,111.1,581445.6,5074432.1
1563,TABR,6.0,4.2,336.2,113.2,581446.2,5074434.2
1566,TABR,16.0,3.9,345.1,104.5,581455.1,5074425.5
1569,TSHE,18.4,8.6,332.5,120.2,581442.5,5074441.2
1590,ABGR,63.6,11.6,303.3,106.7,581413.3,5074427.7
1594,TABR,8.5,4.0,305.2,111.4,581415.2,5074432.4
1595,TABR,20.0,4.8,305.3,112.9,581415.3,5074433.9
1605,TSHE,18.8,9.3,323.4,103.6,581433.4,5074424.6
1607,TSHE,10.5,5.0,322.0,106.7,581432.0,5074427.7
1610,TSHE,10.8,4.8,317.5,117.3,581427.5,5074438.3
1611,TSHE,54.5,3.7,318.1,117.4,581428.1,5074438.4
1612,TSHE,59.8,31.2,320.2,114.9,581430.2,5074435.9
1613,PSME,57.1,2.6,320.0,121.7,581430.0,5074442.7
1614,TSHE,34.0,10.5,322.7,107.4,581432.7,5074428.4
1618,ABAM,5.3,2.9,369.9,172.5,581479.9,5074493.5
1638,TABR,15.2,7.5,320.5,130.7,581430.5,5074451.7
2003,TSHE,54.7,2.2,275.4,182.3,581385.4,5074503.3
2008,PIMO,84.6,50.0,289.5,180.1,581399.5,5074501.1
2018,PSME,90.9,7.4,283.6,192.2,581393.6,5074513.2
2021,TSHE,20.9,14.8,291.5,188.6,581401.5,5074509.6
2022,TSHE,7.1,3.3,290.5,189.9,581400.5,5074510.9
2026,ABGR,52.3,39.2,290.5,192.6,581400.5,5074513.6
2027,PIMO,70.1,54.0,290.7,194.2,581400.7,5074515.2
2030,PSME,144.1,13.5,298.9,182.8,581408.9,5074503.8
2037,UKN,76.0,3.0,286.9,150.3,581396.9,5074471.3
2045,PSME,114.9,10.3,292.4,153.4,581402.4,5074474.4
2049,PSME,81.3,9.3,284.7,162.3,581394.7,5074483.3
2050,PSME,92.7,24.5,278.3,167.5,581388.3,5074488.5
2055,PSME,74.0,5.6,288.6,165.7,581398.6,5074486.7
2057,PSME,72.0,12.9,291.1,173.0,581401.1,5074494.0
2059,TSHE,54.7,2.2,292.9,170.8,581402.9,5074491.8
2060,PSME,82.5,23.8,295.0,162.1,581405.0,5074483.1
2067,PSME,53.7,8.9,267.9,150.3,581377.9,5074471.3
2070,PSME,105.5,25.9,257.7,152.4,581367.7,5074473.4
2073,ABAM,5.2,2.9,273.9,149.8,581383.9,5074470.8
2077,PSME,74.4,8.6,257.8,157.8,581367.8,5074478.8
2078,PSME,61.5,3.5,252.8,162.3,581362.8,5074483.3
2079,ABAM,66.6,40.6,255.2,161.0,581365.2,5074482.0
2085,PSME,80.2,7.3,250.9,167.8,581360.9,5074488.8
2087,PIMO,62.3,6.5,257.6,165.4,581367.6,5074486.4
2102,ABAM,6.6,3.7,263.7,167.3,581373.7,5074488.3
2103,CONU,8.1,7.0,264.2,167.0,581374.2,5074488.0
2106,PSME,60.5,8.0,267.8,164.5,581377.8,5074485.5
2110,TABR,6.8,4.5,264.8,173.5,581374.8,5074494.5
2111,PSME,98.5,24.1,272.1,158.9,581382.1,5074479.9
2112,TABR,6.5,2.4,270.7,164.1,581380.7,5074485.1
2123,TSHE,6.4,4.5,254.6,177.0,581364.6,5074498.0
2133,TABR,14.1,7.9,259.0,183.6,581369.0,5074504.6
2136,PSME,84.7,3.1,254.1,192.0,581364.1,5074513.0
2137,TSHE,13.2,8.9,254.6,192.8,581364.6,5074513.8
2141,CONU,8.3,5.6,260.7,190.2,581370.7,5074511.2
2150,TABR,6.7,2.8,271.8,194.1,581381.8,5074515.1
2157,UKN,44.2,3.8,293.9,125.0,581403.9,5074446.0
2164,ABAM,80.0,2.1,283.8,129.4,581393.8,5074450.4
2180,ABAM,9.5,6.0,282.2,141.8,581392.2,5074462.8
2184,PSME,98.3,50.3,289.2,139.0,581399.2,5074460.0
2187,ABAM,21.2,11.3,291.4,141.3,581401.4,5074462.3
2194,PSME,126.5,13.9,257.4,128.1,581367.4,5074449.1
2195,ABAM,5.0,3.7,255.6,129.3,581365.6,5074450.3
2204,TABR,23.7,6.0,254.4,134.0,581364.4,5074455.0
2208,ABAM,61.2,16.7,254.3,136.7,581364.3,5074457.7
2214,PSME,60.6,9.5,256.4,138.5,581366.4,5074459.5
2225,PSME,123.0,51.9,258.2,143.3,581368.2,5074464.3
2228,PSME,85.7,38.8,256.2,147.2,581366.2,5074468.2
2229,ABAM,65.1,30.4,262.0,144.2,581372.0,5074465.2
2232,PSME,63.0,11.3,256.8,149.2,581366.8,5074470.2
2234,PSME,76.8,12.3,265.3,143.2,581375.3,5074464.2
2246,PSME,75.3,28.6,275.0,146.9,581385.0,5074467.9
2256,TABR,27.2,4.1,244.1,127.6,581354.1,5074448.6
2257,TABR,13.8,6.3,232.8,135.6,581342.8,5074456.6
2265,TABR,24.9,4.8,242.5,133.3,581352.5,5074454.3
2269,THPL,24.2,5.9,236.0,144.1,581346.0,5074465.1
2273,PSME,37.7,2.8,238.2,145.9,581348.2,5074466.9
2279,UKN,43.3,2.4,242.6,144.6,581352.6,5074465.6
2281,ABAM,5.0,3.0,244.7,139.9,581354.7,5074460.9
2306,PSME,61.9,6.4,230.6,163.7,581340.6,5074484.7
2307,PSME,63.9,8.9,235.6,161.0,581345.6,5074482.0
2310,PSME,44.7,4.6,225.7,172.3,581335.7,5074493.3
2311,ABAM,53.9,21.2,225.7,174.1,581335.7,5074495.1
2316,PSME,83.0,30.4,233.5,174.4,581343.5,5074495.4
2317,PSME,65.5,5.5,244.9,158.5,581354.9,5074479.5
2325,PSME,70.7,2.7,242.9,172.9,581352.9,5074493.9
2327,TABR,11.1,2.4,243.1,174.6,581353.1,5074495.6
2331,PSME,21.8,2.6,247.5,164.9,581357.5,5074485.9
2335,ABAM,61.8,7.4,250.1,160.2,581360.1,5074481.2
2336,PSME,81.0,20.3,233.7,175.6,581343.7,5074496.6
2337,ABGR,47.1,5.1,236.6,178.9,581346.6,5074499.9
2351,ABGR,55.0,4.7,242.2,182.0,581352.2,5074503.0
2355,PSME,35.7,3.7,229.0,199.8,581339.0,5074520.8
2360,TABR,13.4,6.9,243.0,191.2,581353.0,5074512.2
2363,PSME,46.1,2.8,246.8,185.0,581356.8,5074506.0
2365,PSME,77.0,3.3,245.9,189.7,581355.9,5074510.7
2387,UKN,40.0,30.6,283.7,115.3,581393.7,5074436.3
2396,PSME,32.4,4.0,290.4,113.4,581400.4,5074434.4
2400,PSME,61.9,3.2,293.1,113.4,581403.1,5074434.4
2408,PIMO,46.7,2.1,266.9,100.6,581376.9,5074421.6
2410,TSHE,10.9,5.4,251.2,100.8,581361.2,5074421.8
2414,UKN,63.5,3.3,250.5,107.6,581360.5,5074428.6
2438,ABAM,51.2,38.7,261.6,119.1,581371.6,5074440.1
2440,PSME,38.0,19.3,269.4,109.3,581379.4,5074430.3
2449,UKN,34.6,4.0,272.8,112.2,581382.8,5074433.2
2462,PSME,31.0,3.2,230.1,110.9,581340.1,5074431.9
2463,PSME,20.7,3.0,237.7,107.7,581347.7,5074428.7
2474,THPL,13.0,4.7,237.2,117.8,581347.2,5074438.8
2498,PSME,33.3,2.5,203.7,101.1,581313.7,5074422.1
2504,PSME,85.9,6.3,203.4,113.1,581313.4,5074434.1
2514,PSME,64.4,18.5,209.6,123.7,581319.6,5074444.7
2525,PSME,26.2,6.2,220.4,118.7,581330.4,5074439.7
2532,PSME,41.3,3.9,223.7,103.1,581333.7,5074424.1
2538,PSME,83.5,21.1,202.3,130.1,581312.3,5074451.1
2539,PSME,59.6,13.2,200.6,130.8,581310.6,5074451.8
2543,TSHE,5.8,4.3,203.5,138.0,581313.5,5074459.0
2546,PSME,42.6,6.8,214.2,132.6,581324.2,5074453.6
2549,PIMO,93.4,3.8,206.9,141.3,581316.9,5074462.3
2552,TABR,15.5,4.3,202.7,149.5,581312.7,5074470.5
2553,ABGR,54.7,47.0,205.9,148.8,581315.9,5074469.8
2556,ABAM,68.9,25.3,215.2,134.8,581325.2,5074455.8
2561,PSME,54.1,10.7,214.4,138.5,581324.4,5074459.5
2563,PSME,54.4,21.5,211.4,144.6,581321.4,5074465.6
2564,THPL,64.2,15.5,213.9,143.7,581323.9,5074464.7
2568,PSME,71.3,7.5,221.7,136.5,581331.7,5074457.5
2569,TABR,6.8,3.0,222.5,137.9,581332.5,5074458.9
2572,PSME,81.7,5.0,222.7,149.2,581332.7,5074470.2
2578,TABR,11.7,4.1,200.9,154.2,581310.9,5074475.2
2581,PSME,73.4,7.1,207.1,160.5,581317.1,5074481.5
2592,PSME,47.4,3.1,212.2,162.4,581322.2,5074483.4
2595,PSME,67.5,8.8,215.5,164.6,581325.5,5074485.6
2599,ABAM,59.8,3.7,222.3,157.3,581332.3,5074478.3
2602,CONU,5.5,3.1,222.7,161.0,581332.7,5074482.0
2610,TABR,7.8,2.9,210.7,179.4,581320.7,5074500.4
2612,PSME,72.4,9.4,217.7,178.2,581327.7,5074499.2
2613,PSME,76.6,13.5,218.7,178.6,581328.7,5074499.6
2614,PSME,63.8,14.9,220.6,179.1,581330.6,5074500.1
2618,TABR,6.2,4.0,203.5,191.3,581313.5,5074512.3
2624,PSME,127.8,11.1,212.8,187.6,581322.8,5074508.6
2627,TABR,10.8,5.4,210.7,194.6,581320.7,5074515.6
2630,PSME,33.0,2.7,215.3,198.5,581325.3,5074519.5
3018,UKN,59.7,2.9,289.1,217.8,581399.1,5074538.8
3019,PIMO,87.3,35.7,296.1,224.3,581406.1,5074545.3
3021,TSHE,62.3,5.6,295.6,221.8,581405.6,5074542.8
3033,PSME,59.9,3.3,263.7,205.5,581373.7,5074526.5
3038,PSME,56.1,2.2,254.4,212.2,581364.4,5074533.2
3039,PSME,78.7,4.0,257.3,213.7,581367.3,5074534.7
3045,PSME,39.7,5.5,258.5,218.6,581368.5,5074539.6
3053,TSHE,13.7,4.6,269.9,213.9,581379.9,5074534.9
3055,ABGR,70.6,13.7,269.5,220.5,581379.5,5074541.5
3056,TSHE,6.6,4.4,270.2,221.6,581380.2,5074542.6
3059,PSME,115.2,52.3,271.6,220.0,581381.6,5074541.0
3062,PSME,37.7,25.8,251.5,227.8,581361.5,5074548.8
3073,PSME,186.7,25.9,260.5,246.3,581370.5,5074567.3
3074,TSHE,67.4,3.1,266.1,240.8,581376.1,5074561.8
3077,PSME,115.7,10.4,284.7,228.9,581394.7,5074549.9
3094,UKN,45.3,2.6,296.4,230.3,581406.4,5074551.3
3102,TABR,5.3,3.2,299.4,238.8,581409.4,5074559.8
3103,ABGR,22.4,6.7,249.1,200.8,581359.1,5074521.8
3106,TABR,5.7,2.1,240.0,200.2,581350.0,5074521.2
3113,TABR,10.4,3.5,229.0,207.0,581339.0,5074528.0
3120,TABR,7.1,3.3,229.2,216.8,581339.2,5074537.8
3127,TABR,6.6,4.2,235.9,214.3,581345.9,5074535.3
3129,PSME,40.5,31.4,240.8,213.7,581350.8,5074534.7
3131,PSME,41.0,6.9,244.8,208.9,581354.8,5074529.9
3142,PIMO,65.1,3.3,248.4,212.5,581358.4,5074533.5
3152,PIMO,88.5,13.3,238.0,231.2,581348.0,5074552.2
3153,PSME,62.5,39.2,240.8,229.4,581350.8,5074550.4
3154,PIMO,76.4,12.5,233.9,233.5,581343.9,5074554.5
3155,PIMO,67.5,2.4,230.4,235.2,581340.4,5074556.2
3157,PIMO,78.3,2.5,240.5,231.5,581350.5,5074552.5
3159,ABAM,70.7,26.6,232.1,240.3,581342.1,5074561.3
3164,TSHE,9.2,4.2,235.2,239.3,581345.2,5074560.3
3165,TSHE,14.6,6.4,236.0,239.0,581346.0,5074560.0
3168,PSME,31.6,2.6,237.4,242.0,581347.4,5074563.0
3170,PSME,59.5,5.9,237.8,244.7,581347.8,5074565.7
3177,PSME,72.0,7.8,229.4,251.3,581339.4,5074572.3
3180,PSME,85.5,7.8,230.0,252.3,581340.0,5074573.3
3185,PSME,84.2,2.9,233.8,258.0,581343.8,5074579.0
3187,PSME,56.3,6.7,228.6,264.3,581338.6,5074585.3
3188,PSME,55.8,8.1,225.7,266.9,581335.7,5074587.9
3189,TSHE,9.0,5.2,229.6,266.6,581339.6,5074587.6
3202,TSHE,9.8,5.9,233.6,273.5,581343.6,5074594.5
3206,PSME,77.7,35.1,246.5,257.4,581356.5,5074578.4
3208,TSHE,36.4,17.4,243.9,268.2,581353.9,5074589.2
3218,PSME,95.7,8.7,251.1,252.2,581361.1,5074573.2
3219,PSME,46.2,3.1,254.2,256.2,581364.2,5074577.2
3222,TSHE,8.1,5.7,250.3,262.5,581360.3,5074583.5
3224,PSME,76.5,3.9,255.1,262.9,581365.1,5074583.9
3241,PSME,93.3,10.4,296.7,251.3,581406.7,5074572.3
3248,PSME,51.6,3.5,274.9,263.4,581384.9,5074584.4
3250,PSME,70.6,2.4,292.0,255.1,581402.0,5074576.1
3253,PSME,81.0,15.8,282.7,266.0,581392.7,5074587.0
3254,PSME,56.1,2.9,280.0,268.6,581390.0,5074589.6
3262,PSME,75.7,4.4,290.0,274.2,581400.0,5074595.2
3265,TABR,17.7,3.1,299.1,259.8,581409.1,5074580.8
3270,TABR,6.5,2.9,200.9,200.1,581310.9,5074521.1
3271,TABR,5.0,3.9,201.1,200.5,581311.1,5074521.5
3274,TABR,13.8,5.0,212.9,203.1,581322.9,5074524.1
3276,UKN,31.1,3.5,206.1,205.3,581316.1,5074526.3
3287,TSHE,7.5,5.1,216.9,210.6,581326.9,5074531.6
3290,TABR,6.6,3.8,208.4,223.1,581318.4,5074544.1
3296,TABR,10.3,4.3,214.3,221.2,581324.3,5074542.2
3298,TABR,6.6,4.2,217.2,217.9,581327.2,5074538.9
3311,PSME,110.1,26.1,200.8,231.4,581310.8,5074552.4
3317,TABR,9.1,2.5,204.6,241.2,581314.6,5074562.2
3321,THPL,19.1,4.5,203.2,249.6,581313.2,5074570.6
3322,TSHE,34.2,7.0,214.8,239.2,581324.8,5074560.2
3323,THPL,22.6,4.7,213.5,240.6,581323.5,5074561.6
3327,PIMO,70.8,42.2,216.6,242.8,581326.6,5074563.8
3328,TABR,5.6,3.1,217.6,243.4,581327.6,5074564.4
3339,TABR,15.9,7.0,206.6,263.8,581316.6,5074584.8
3349,UKN,48.1,7.2,218.8,263.6,581328.8,5074584.6
3351,TABR,7.7,2.5,223.5,256.3,581333.5,5074577.3
3356,TABR,6.7,4.1,221.8,267.7,581331.8,5074588.7
3359,PSME,76.4,7.2,224.0,265.6,581334.0,5074586.6
3367,PSME,64.0,7.3,203.4,286.7,581313.4,5074607.7
3368,PSME,125.1,6.0,211.8,281.2,581321.8,5074602.2
3370,TSHE,50.5,2.1,202.1,289.5,581312.1,5074610.5
3375,ABAM,6.5,3.8,212.0,286.2,581322.0,5074607.2
3376,ABAM,54.6,12.2,204.0,293.7,581314.0,5074614.7
3383,ABAM,7.7,4.4,210.7,292.5,581320.7,5074613.5
3384,ABGR,24.3,19.8,210.2,293.0,581320.2,5074614.0
3391,PSME,89.8,12.5,217.6,294.8,581327.6,5074615.8
3398,ABAM,28.4,23.7,224.7,284.8,581334.7,5074605.8
3411,PSME,53.2,9.8,227.5,293.6,581337.5,5074614.6
3420,ABAM,16.1,9.9,231.3,294.9,581341.3,5074615.9
3424,TABR,11.1,3.2,236.3,298.2,581346.3,5074619.2
3432,THPL,8.1,2.4,249.7,282.5,581359.7,5074603.5
3436,PSME,98.8,18.2,255.2,278.8,581365.2,5074599.8
3438,PSME,47.5,3.8,272.4,275.9,581382.4,5074596.9
3444,PSME,126.7,16.4,256.4,291.7,581366.4,5074612.7
3446,PSME,96.6,14.5,258.5,293.8,581368.5,5074614.8
3448,PSME,98.6,16.9,266.0,290.0,581376.0,5074611.0
3449,PSME,95.4,16.4,264.0,295.6,581374.0,5074616.6
3450,PSME,65.6,4.0,264.9,295.3,581374.9,5074616.3
3451,PSME,54.5,8.0,264.6,298.6,581374.6,5074619.6
3453,PSME,115.7,12.8,267.3,297.7,581377.3,5074618.7
3455,PSME,26.7,20.2,270.1,291.4,581380.1,5074612.4
3459,PSME,100.0,20.0,272.4,297.5,581382.4,5074618.5
3461,PSME,117.2,25.9,275.0,294.6,581385.0,5074615.6
3465,PSME,86.4,9.2,285.8,280.0,581395.8,5074601.0
3469,PSME,59.6,5.9,280.8,291.3,581390.8,5074612.3
3472,PSME,51.2,9.2,291.8,284.9,581401.8,5074605.9
3474,PSME,80.2,21.7,288.2,290.5,581398.2,5074611.5
3475,PSME,24.0,2.3,286.7,293.2,581396.7,5074614.2
3482,PSME,87.2,12.7,294.1,291.0,581404.1,5074612.0
3483,THPL,24.7,3.9,295.5,286.1,581405.5,5074607.1
3484,PSME,55.9,28.8,295.9,285.9,581405.9,5074606.9
3486,PSME,52.6,10.3,296.3,289.4,581406.3,5074610.4
4009,PSME,97.6,3.6,197.8,115.6,581307.8,5074436.6
4013,PSME,132.8,12.3,191.6,121.2,581301.6,5074442.2
4029,ABAM,11.6,6.7,176.0,115.7,581286.0,5074436.7
4036,PSME,44.3,2.7,166.2,113.5,581276.2,5074434.5
4082,ABAM,8.7,5.9,140.1,117.6,581250.1,5074438.6
4086,PSME,52.5,33.9,133.4,105.0,581243.4,5074426.0
4108,ABAM,18.4,13.7,115.8,120.6,581225.8,5074441.6
4165,ABAM,30.0,3.4,115.0,134.5,581225.0,5074455.5
4167,ABAM,29.6,4.6,120.0,132.8,581230.0,5074453.8
4168,ABAM,16.5,13.9,118.6,126.3,581228.6,5074447.3
4170,PSME,65.5,12.5,129.1,124.9,581239.1,5074445.9
4178,TABR,6.1,4.3,132.1,149.6,581242.1,5074470.6
4183,TABR,10.0,2.4,141.8,145.0,581251.8,5074466.0
4186,PSME,100.8,11.2,146.2,128.3,581256.2,5074449.3
4191,PSME,88.6,7.3,137.2,127.3,581247.2,5074448.3
4205,TSHE,98.8,6.1,152.5,149.4,581262.5,5074470.4
4230,ABAM,8.3,5.0,178.3,131.3,581288.3,5074452.3
4243,TABR,17.1,8.0,197.7,133.3,581307.7,5074454.3
4260,TABR,13.1,2.2,188.0,172.1,581298.0,5074493.1
4305,PIMO,121.2,59.7,154.5,168.3,581264.5,5074489.3
4312,PSME,36.5,20.1,149.8,172.1,581259.8,5074493.1
4317,TSHE,107.4,39.4,131.1,165.8,581241.1,5074486.8
4322,PSME,65.2,7.2,127.2,171.2,581237.2,5074492.2
4323,TSHE,112.4,11.6,121.3,163.4,581231.3,5074484.4
4340,PSME,66.8,5.6,135.9,152.0,581245.9,5074473.0
4345,PSME,70.7,7.0,117.1,167.5,581227.1,5074488.5
4353,ABAM,13.5,12.7,107.5,174.4,581217.5,5074495.4
4359,TSHE,26.6,10.9,102.8,184.1,581212.8,5074505.1
4361,PSME,121.5,13.6,101.8,190.3,581211.8,5074511.3
4376,TSHE,32.8,8.0,111.2,186.3,581221.2,5074507.3
4377,TABR,8.9,4.2,106.6,181.6,581216.6,5074502.6
4379,PSME,66.7,29.7,128.6,191.5,581238.6,5074512.5
4402,TSHE,8.4,4.7,138.0,190.2,581248.0,5074511.2
4404,PSME,48.7,28.9,134.9,187.2,581244.9,5074508.2
4413,TSHE,8.8,13.1,127.6,182.5,581237.6,5074503.5
4415,PSME,74.9,12.8,128.2,188.9,581238.2,5074509.9
4419,PSME,105.8,4.2,160.7,179.8,581270.7,5074500.8
4450,PSME,64.4,17.1,178.2,180.9,581288.2,5074501.9
4455,PSME,90.1,24.6,189.4,194.7,581299.4,5074515.7
4468,TABR,15.4,6.0,194.4,221.2,581304.4,5074542.2
4469,PSME,100.7,5.5,192.7,215.9,581302.7,5074536.9
4482,PSME,117.8,57.1,180.4,223.9,581290.4,5074544.9
4490,TSHE,8.2,3.6,172.6,210.7,581282.6,5074531.7
4506,TABR,10.6,3.0,154.8,205.2,581264.8,5074526.2
4509,TSHE,8.8,4.6,160.2,202.6,581270.2,5074523.6
4518,PSME,54.7,27.3,152.4,223.4,581262.4,5074544.4
4540,TABR,32.2,9.0,136.3,223.2,581246.3,5074544.2
4541,PSME,101.5,4.4,135.8,219.3,581245.8,5074540.3
4555,ABAM,6.7,5.3,124.8,206.8,581234.8,5074527.8
4574,TABR,10.4,3.5,107.6,215.1,581217.6,5074536.1
4584,TABR,6.1,3.2,112.3,247.4,581222.3,5074568.4
4626,TABR,26.9,4.5,150.9,246.3,581260.9,5074567.3
4631,PSME,60.6,11.2,164.1,243.7,581274.1,5074564.7
4632,PSME,63.3,16.8,166.2,241.8,581276.2,5074562.8
4633,PIMO,93.0,28.7,165.2,241.8,581275.2,5074562.8
4645,PSME,110.0,57.2,151.4,226.2,581261.4,5074547.2
4655,TABR,12.7,9.2,178.7,245.8,581288.7,5074566.8
4656,TABR,8.3,6.2,177.9,246.4,581287.9,5074567.4
4657,PIMO,93.3,42.6,176.4,246.7,581286.4,5074567.7
4659,TABR,5.8,4.4,179.7,246.8,581289.7,5074567.8
4660,TSHE,11.3,3.5,181.9,243.9,581291.9,5074564.9
4698,PSME,45.1,5.2,184.1,266.2,581294.1,5074587.2
4706,PIMO,52.3,12.3,190.8,256.7,581300.8,5074577.7
4708,THPL,17.8,4.0,177.3,250.0,581287.3,5074571.0
4710,THPL,10.4,8.3,179.1,248.8,581289.1,5074569.8
4711,THPL,13.5,7.0,181.8,248.4,581291.8,5074569.4
4715,TABR,18.4,5.3,169.1,266.1,581279.1,5074587.1
4719,PSME,137.4,8.7,160.8,274.0,581270.8,5074595.0
4741,TABR,9.3,4.0,155.2,268.0,581265.2,5074589.0
4746,TSHE,7.6,3.4,154.7,258.3,581264.7,5074579.3
4748,PSME,65.0,8.2,149.3,272.2,581259.3,5074593.2
4756,PSME,105.8,16.1,138.5,258.9,581248.5,5074579.9
4776,PSME,101.3,7.5,139.6,273.9,581249.6,5074594.9
4777,PSME,81.2,6.7,139.7,272.1,581249.7,5074593.1
4781,TSHE,20.2,6.7,124.9,266.4,581234.9,5074587.4
4791,TABR,19.8,8.1,111.9,250.8,581221.9,5074571.8
4797,TSHE,31.3,12.6,118.3,268.8,581228.3,5074589.8
4802,TSHE,10.0,4.2,103.1,250.9,581213.1,5074571.9
4807,PSME,84.4,2.5,111.2,259.7,581221.2,5074580.7
4821,PSME,92.5,7.3,100.8,276.9,581210.8,5074597.9
4824,TABR,28.3,2.4,103.0,282.1,581213.0,5074603.1
4860,TSHE,103.5,9.5,126.3,276.7,581236.3,5074597.7
4868,TSHE,11.1,5.0,144.4,293.0,581254.4,5074614.0
4878,PSME,54.1,5.4,149.5,276.2,581259.5,5074597.2
4904,TABR,9.8,3.8,167.3,280.5,581277.3,5074601.5
4906,TABR,6.1,2.8,171.3,283.1,581281.3,5074604.1
4908,PSME,65.5,7.9,171.3,286.5,581281.3,5074607.5
4909,ABAM,12.3,8.6,167.5,289.7,581277.5,5074610.7
4917,PSME,100.2,14.7,186.3,298.6,581296.3,5074619.6
4921,ABAM,10.3,6.2,194.1,294.2,581304.1,5074615.2
4926,PSME,83.1,4.8,199.1,286.5,581309.1,5074607.5
4929,ABAM,9.6,5.7,198.6,278.4,581308.6,5074599.4
4938,PSME,86.6,7.2,178.8,282.9,581288.8,5074603.9
4947,PSME,99.7,9.9,192.2,290.1,581302.2,5074611.1
4956,ABAM,10.7,7.0,175.1,116.9,581285.1,5074437.9
4964,ABAM,7.1,4.7,141.3,113.0,581251.3,5074434.0
4972,ABAM,33.6,6.5,107.2,98.6,581217.2,5074419.6
4982,TABR,9.3,2.9,176.3,159.8,581286.3,5074480.8
4983,TABR,6.1,3.9,158.2,161.7,581268.2,5074482.7
4984,TABR,5.2,2.9,154.4,162.7,581264.4,5074483.7
4990,TABR,6.0,2.6,156.1,193.4,581266.1,5074514.4
4994,CONU,11.2,6.8,129.3,110.5,581239.3,5074431.5
4995,TSHE,5.5,2.5,100.8,112.9,581210.8,5074433.9
4997,ABAM,33.1,14.8,102.1,140.0,581212.1,5074461.0
5004,TABR,6.2,3.4,98.8,103.0,581208.8,5074424.0
5034,TSHE,6.3,3.7,70.7,117.0,581180.7,5074438.0
5038,TSHE,62.5,6.3,71.4,106.2,581181.4,5074427.2
5040,PSME,60.5,3.5,66.7,102.2,581176.7,5074423.2
5042,TABR,10.4,4.7,62.6,101.9,581172.6,5074422.9
5055,TABR,20.5,9.4,55.2,103.8,581165.2,5074424.8
5063,TSHE,9.1,4.9,44.7,103.3,581154.7,5074424.3
5073,TSHE,66.4,5.9,38.8,100.8,581148.8,5074421.8
5082,PSME,45.1,2.4,33.7,113.5,581143.7,5074434.5
5088,TABR,8.4,3.1,21.1,109.0,581131.1,5074430.0
5123,PIMO,60.0,24.0,13.9,128.8,581123.9,5074449.8
5125,TABR,7.9,3.6,19.4,132.6,581129.4,5074453.6
5139,PSME,96.5,6.3,12.7,136.9,581122.7,5074457.9
5143,TABR,6.4,2.7,12.2,143.2,581122.2,5074464.2
5160,TSHE,5.0,3.0,54.9,130.1,581164.9,5074451.1
5161,TSHE,5.5,2.4,35.5,131.7,581145.5,5074452.7
5172,TSHE,57.1,18.6,34.4,138.9,581144.4,5074459.9
5177,TSHE,14.7,8.2,27.0,149.6,581137.0,5074470.6
5180,CONU,7.8,2.5,35.8,146.8,581145.8,5074467.8
5184,TSHE,19.7,2.3,45.9,139.5,581155.9,5074460.5
5185,ABGR,60.5,10.5,48.5,134.3,581158.5,5074455.3
5200,CONU,6.1,2.8,179.2,160.0,581289.2,5074481.0
5202,TABR,10.8,4.4,63.4,135.2,581173.4,5074456.2
5214,PSME,71.9,5.7,55.3,136.6,581165.3,5074457.6
5218,ABGR,26.5,8.0,51.2,139.9,581161.2,5074460.9
5222,TSHE,35.0,21.2,63.6,145.8,581173.6,5074466.8
5230,PSME,59.1,23.8,76.2,141.6,581186.2,5074462.6
5233,ABAM,9.6,5.1,84.7,145.5,581194.7,5074466.5
5239,PSME,63.6,2.9,91.0,148.0,581201.0,5074469.0
5251,PSME,73.6,19.4,95.7,130.2,581205.7,5074451.2
5260,TABR,12.1,3.3,84.6,127.3,581194.6,5074448.3
5265,ABAM,43.8,27.9,77.3,134.8,581187.3,5074455.8
5275,PSME,101.5,23.8,98.0,174.2,581208.0,5074495.2
5278,ABPR,123.4,7.9,88.9,173.8,581198.9,5074494.8
5281,PSME,78.1,8.1,77.1,174.8,581187.1,5074495.8
5282,PSME,71.5,11.5,78.1,166.1,581188.1,5074487.1
5294,PSME,57.7,34.9,81.8,152.4,581191.8,5074473.4
5299,PSME,62.2,7.7,87.6,155.8,581197.6,5074476.8
5301,PSME,50.0,6.1,78.4,157.6,581188.4,5074478.6
5313,PIMO,82.0,47.3,65.8,172.5,581175.8,5074493.5
5316,TSHE,14.2,7.1,66.7,164.2,581176.7,5074485.2
5324,THPL,80.0,7.8,62.8,149.4,581172.8,5074470.4
5334,TSHE,99.9,7.9,51.2,152.9,581161.2,5074473.9
5345,PSME,92.8,11.2,138.2,282.3,581248.2,5074603.3
5359,PIMO,85.9,4.0,33.3,165.9,581143.3,5074486.9
5365,TABR,9.4,4.5,39.3,165.6,581149.3,5074486.6
5371,TABR,6.4,3.0,21.0,172.6,581131.0,5074493.6
5391,TSHE,19.6,3.0,13.8,171.8,581123.8,5074492.8
5397,TSHE,157.2,3.7,8.9,167.1,581118.9,5074488.1
5402,TSHE,5.7,2.3,6.1,154.7,581116.1,5074475.7
5410,TSHE,9.1,2.2,0.3,159.4,581110.3,5074480.4
5417,PSME,137.5,3.8,3.1,187.5,581113.1,5074508.5
5419,TABR,17.0,3.0,3.9,190.3,581113.9,5074511.3
5431,PIMO,42.2,33.0,16.5,178.8,581126.5,5074499.8
5443,PSME,114.7,19.2,24.7,195.0,581134.7,5074516.0
5445,PSME,72.6,4.3,30.0,199.1,581140.0,5074520.1
5446,PSME,79.7,6.3,30.8,194.8,581140.8,5074515.8
5448,TABR,19.0,7.2,33.0,196.5,581143.0,5074517.5
5450,TABR,10.5,5.6,38.0,194.8,581148.0,5074515.8
5452,TABR,10.6,7.2,40.5,193.2,581150.5,5074514.2
5458,PSME,152.5,17.6,42.0,187.6,581152.0,5074508.6
5462,PIMO,65.5,40.7,27.4,184.6,581137.4,5074505.6
5466,PIMO,81.8,47.1,29.2,178.5,581139.2,5074499.5
5467,TABR,29.2,10.3,30.3,178.5,581140.3,5074499.5
5471,ABGR,46.5,34.9,34.5,182.9,581144.5,5074503.9
5475,ABGR,10.7,2.2,40.4,177.7,581150.4,5074498.7
5476,PSME,77.3,6.5,42.8,177.9,581152.8,5074498.9
5478,PSME,106.5,19.1,48.7,179.3,581158.7,5074500.3
5480,TSHE,24.4,8.0,49.5,195.7,581159.5,5074516.7
5483,PSME,99.4,4.2,44.5,196.5,581154.5,5074517.5
5490,PSME,86.0,20.0,50.1,185.9,581160.1,5074506.9
5510,TABR,9.8,3.3,73.8,185.8,581183.8,5074506.8
5513,TABR,5.7,2.8,70.2,183.2,581180.2,5074504.2
5520,PSME,84.7,6.4,62.0,190.8,581172.0,5074511.8
5535,TABR,15.7,6.1,78.7,196.8,581188.7,5074517.8
5541,PIMO,76.2,2.3,95.1,199.1,581205.1,5074520.1
5547,TSHE,18.8,2.9,80.5,180.3,581190.5,5074501.3
5555,PSME,75.7,13.1,94.6,186.0,581204.6,5074507.0
5570,TABR,15.5,4.7,80.0,208.0,581190.0,5074529.0
5588,TABR,8.1,2.3,5.4,257.8,581115.4,5074578.8
5603,TABR,11.3,5.3,61.6,211.9,581171.6,5074532.9
5605,PSME,57.3,6.0,59.1,215.0,581169.1,5074536.0
5609,PSME,71.4,4.8,49.1,211.8,581159.1,5074532.8
5615,PSME,103.8,42.3,46.3,219.9,581156.3,5074540.9
5624,TABR,29.4,7.8,26.1,221.8,581136.1,5074542.8
5629,TSHE,34.4,8.1,29.5,205.2,581139.5,5074526.2
5634,PSME,121.4,20.4,34.3,207.7,581144.3,5074528.7
5644,TSHE,95.4,2.9,23.4,205.7,581133.4,5074526.7
5648,ABGR,63.6,35.4,16.7,200.5,581126.7,5074521.5
5650,PSME,142.9,32.5,10.1,203.7,581120.1,5074524.7
5657,TABR,9.3,6.7,20.7,225.3,581130.7,5074546.3
5659,TABR,13.4,5.4,9.2,223.7,581119.2,5074544.7
5675,ABPR,109.3,6.0,5.2,238.5,581115.2,5074559.5
5676,TABR,13.1,2.3,8.4,238.5,581118.4,5074559.5
5683,TABR,11.1,4.5,19.9,247.0,581129.9,5074568.0
5697,PSME,98.3,3.4,22.6,226.7,581132.6,5074547.7
5699,TABR,15.0,5.5,19.7,232.1,581129.7,5074553.1
5702,TABR,14.2,6.7,30.0,249.2,581140.0,5074570.2
5717,PSME,102.9,4.6,45.0,231.3,581155.0,5074552.3
5727,PIMO,75.1,4.7,46.1,239.8,581156.1,5074560.8
5729,PIMO,85.0,5.6,37.0,231.7,581147.0,5074552.7
5731,PIMO,66.2,40.3,33.8,236.6,581143.8,5074557.6
5733,TSHE,12.8,8.1,35.7,245.4,581145.7,5074566.4
5737,TABR,30.3,8.0,41.5,244.6,581151.5,5074565.6
5782,ABAM,40.3,6.5,86.8,236.4,581196.8,5074557.4
5789,TABR,11.0,3.2,92.2,227.3,581202.2,5074548.3
5794,TABR,10.5,4.9,89.6,220.5,581199.6,5074541.5
5795,PSME,57.8,5.1,96.5,235.1,581206.5,5074556.1
5832,PSME,83.1,8.3,63.0,273.9,581173.0,5074594.9
5842,TSHE,14.5,5.3,56.6,261.7,581166.6,5074582.7
5847,TABR,7.4,5.3,57.9,259.2,581167.9,5074580.2
5849,ABAM,8.3,7.4,58.1,255.0,581168.1,5074576.0
5882,TSHE,49.7,7.2,28.1,265.3,581138.1,5074586.3
5893,TSHE,11.7,4.0,18.9,259.5,581128.9,5074580.5
5894,TSHE,53.2,3.0,18.7,258.3,581128.7,5074579.3
5896,TABR,9.3,5.8,20.3,250.9,581130.3,5074571.9
5898,TSHE,44.5,12.0,16.3,260.9,581126.3,5074581.9
5900,TSHE,72.9,5.1,15.9,263.3,581125.9,5074584.3
5903,PIMO,88.4,48.0,10.6,260.9,581120.6,5074581.9
5948,PSME,69.3,10.4,13.8,294.0,581123.8,5074615.0
5973,TSHE,49.7,11.3,25.6,278.3,581135.6,5074599.3
5987,TSHE,6.7,2.2,23.2,293.1,581133.2,5074614.1
5993,TSHE,69.9,6.3,32.5,278.5,581142.5,5074599.5
5997,PSME,53.5,3.1,31.5,290.7,581141.5,5074611.7
6008,ABGR,14.8,3.2,48.7,281.9,581158.7,5074602.9
6009,PIMO,61.6,36.4,48.5,282.5,581158.5,5074603.5
6016,PIMO,74.4,44.3,45.9,289.7,581155.9,5074610.7
6041,PIMO,94.0,15.9,66.5,297.9,581176.5,5074618.9
6046,TSHE,29.4,12.5,74.0,286.5,581184.0,5074607.5
6047,TSHE,36.8,11.0,73.8,286.3,581183.8,5074607.3
6055,ABAM,37.8,5.9,91.0,278.3,581201.0,5074599.3
6061,PSME,83.7,10.3,96.5,284.2,581206.5,5074605.2
6063,PIMO,104.1,42.9,82.0,288.2,581192.0,5074609.2
6067,PSME,73.8,7.3,97.5,291.8,581207.5,5074612.8
6071,PSME,93.3,12.4,181.6,296.6,581291.6,5074617.6
6073,PSME,67.7,6.4,98.7,231.4,581208.7,5074552.4
6079,PSME,61.5,3.2,79.4,242.7,581189.4,5074563.7
6081,PSME,78.0,6.4,69.9,236.3,581179.9,5074557.3
6096,PSME,108.9,11.9,128.4,201.9,581238.4,5074522.9
6097,PSME,110.5,7.3,145.8,216.9,581255.8,5074537.9
6101,TABR,8.2,5.0,191.9,211.1,581301.9,5074532.1
6201,TABR,15.6,2.3,67.1,217.5,581177.1,5074538.5
6209,PSME,63.6,3.1,370.0,91.7,581480.0,5074412.7
6210,TSHE,90.8,2.7,367.3,91.7,581477.3,5074412.7
6211,TABR,5.7,3.7,356.5,87.3,581466.5,5074408.3
6212,PSME,48.7,2.1,359.2,83.7,581469.2,5074404.7
6213,PIMO,44.3,2.5,384.4,67.8,581494.4,5074388.8
6214,TABR,8.2,2.7,314.5,78.9,581424.5,5074399.9
6215,TSHE,57.3,3.7,316.9,79.4,581426.9,5074400.4
6216,TABR,15.2,6.4,332.3,84.5,581442.3,5074405.5
6217,UNK,45.4,2.3,343.5,74.6,581453.5,5074395.6
6218,PSME,39.4,2.2,333.4,46.4,581443.4,5074367.4
6219,PSME,87.2,6.2,316.2,51.8,581426.2,5074372.8
6220,TABR,14.0,2.9,306.9,63.9,581416.9,5074384.9
6221,PSME,98.7,12.1,318.6,36.3,581428.6,5074357.3
6222,PSME,64.1,8.0,319.3,34.0,581429.3,5074355.0
6223,PSME,60.1,28.2,311.4,38.7,581421.4,5074359.7
6224,TSHE,63.2,3.0,96.5,17.4,581206.5,5074338.4
6226,PSME,66.1,2.5,91.1,17.5,581201.1,5074338.5
6227,PSME,77.3,2.3,97.8,29.3,581207.8,5074350.3
6228,PSME,63.0,3.3,90.8,31.3,581200.8,5074352.3
6229,TABR,34.3,3.5,99.6,38.1,581209.6,5074359.1
6231,PSME,66.4,2.2,99.4,30.4,581209.4,5074351.4
6232,TABR,20.0,3.6,63.5,25.6,581173.5,5074346.6
6234,PSME,54.3,3.5,56.3,10.1,581166.3,5074331.1
6235,PSME,54.9,4.2,48.8,5.8,581158.8,5074326.8
6236,PIMO,59.7,7.2,8.1,7.1,581118.1,5074328.1
6237,PIMO,51.1,3.6,3.0,26.4,581113.0,5074347.4
6238,PIMO,45.1,2.2,2.2,41.3,581112.2,5074362.3
6239,PSME,91.4,3.1,33.6,67.9,581143.6,5074388.9
6240,PSME,60.0,3.1,22.1,88.9,581132.1,5074409.9
6241,PSME,76.4,2.6,38.4,88.8,581148.4,5074409.8
6242,PSME,57.9,7.2,38.4,87.6,581148.4,5074408.6
6244,PSME,64.7,5.8,100.0,63.0,581210.0,5074384.0
6245,PSME,51.0,3.6,140.6,71.5,581250.6,5074392.5
6246,PSME,38.7,2.1,122.5,57.3,581232.5,5074378.3
6247,PSME,46.5,2.3,135.7,58.3,581245.7,5074379.3
6248,PSME,61.8,3.9,136.7,55.3,581246.7,5074376.3
6250,PSME,48.7,4.1,119.5,60.1,581229.5,5074381.1
6251,TABR,14.1,4.8,118.9,58.8,581228.9,5074379.8
6253,PSME,89.0,13.5,112.3,36.6,581222.3,5074357.6
6254,PSME,92.0,5.6,112.3,37.7,581222.3,5074358.7
6255,PSME,46.1,8.8,117.8,15.5,581227.8,5074336.5
6256,PSME,77.3,7.7,125.8,32.7,581235.8,5074353.7
6257,TSHE,7.1,3.2,111.7,10.0,581221.7,5074331.0
6258,PSME,56.6,2.2,135.1,4.3,581245.1,5074325.3
6259,PSME,59.8,6.1,146.1,4.2,581256.1,5074325.2
6260,PSME,68.9,8.1,146.5,1.2,581256.5,5074322.2
6261,PSME,35.1,7.0,152.3,12.4,581262.3,5074333.4
6262,PSME,35.4,2.4,147.0,16.3,581257.0,5074337.3
6263,PSME,57.3,4.6,146.2,19.9,581256.2,5074340.9
6265,PSME,70.4,3.4,162.9,16.5,581272.9,5074337.5
6266,PSME,75.0,3.3,163.3,33.1,581273.3,5074354.1
6267,TABR,8.5,3.5,171.0,28.6,581281.0,5074349.6
6268,PSME,30.5,4.5,382.4,78.6,581492.4,5074399.6
6269,PSME,32.3,2.5,169.9,82.4,581279.9,5074403.4
6270,PSME,33.4,3.7,160.1,80.3,581270.1,5074401.3
6272,PSME,76.4,3.4,156.3,40.5,581266.3,5074361.5
6273,PSME,25.9,2.8,134.3,48.5,581244.3,5074369.5
6274,PSME,45.9,5.6,143.3,39.7,581253.3,5074360.7
6275,PSME,60.6,8.8,141.3,41.8,581251.3,5074362.8
6276,PSME,56.3,3.4,187.0,16.8,581297.0,5074337.8
6277,ABGR,8.5,3.7,182.7,8.1,581292.7,5074329.1
6278,PSME,67.1,5.4,207.5,43.2,581317.5,5074364.2
6279,TSHE,36.4,4.9,224.7,25.0,581334.7,5074346.0
6280,PSME,85.5,12.9,240.7,5.5,581350.7,5074326.5
6281,UNK,73.0,9.4,226.8,9.4,581336.8,5074330.4
6282,ABAM,34.3,3.7,285.0,46.0,581395.0,5074367.0
6283,PSME,44.7,3.0,289.1,45.5,581399.1,5074366.5
6285,TSHE,123.9,2.8,262.6,81.3,581372.6,5074402.3
6286,PSME,43.7,2.5,247.2,73.0,581357.2,5074394.0
6287,PSME,64.1,5.9,228.6,45.3,581338.6,5074366.3
6288,PSME,50.5,3.0,241.2,97.2,581351.2,5074418.2
6289,PSME,89.5,9.9,358.4,63.8,581468.4,5074384.8
6290,PSME,58.4,6.9,360.3,51.9,581470.3,5074372.9
6291,PSME,57.0,12.4,370.8,36.6,581480.8,5074357.6
6292,PSME,60.9,5.3,369.8,35.6,581479.8,5074356.6
6293,PSME,33.3,2.8,369.8,35.6,581479.8,5074356.6
6294,TSHE,13.1,4.6,350.5,37.7,581460.5,5074358.7
6295,PSME,75.2,5.8,348.8,32.2,581458.8,5074353.2
6296,TABR,10.3,3.2,365.0,22.2,581475.0,5074343.2
6337,PSME,129.4,16.1,386.2,99.6,581496.2,5074420.6
6339,PSME,105.5,45.1,397.7,54.6,581507.7,5074375.6
6345,TSHE,6.6,2.5,376.3,53.5,581486.3,5074374.5
6396,PSME,107.7,28.4,358.3,53.9,581468.3,5074374.9
6410,TABR,11.1,2.5,370.6,97.4,581480.6,5074418.4
6422,ABAM,8.0,4.4,346.0,87.2,581456.0,5074408.2
6436,TABR,9.0,4.3,365.9,81.1,581475.9,5074402.1
6438,PSME,37.7,38.0,371.5,80.4,581481.5,5074401.4
6447,TABR,5.7,3.5,352.7,76.7,581462.7,5074397.7
6452,TABR,15.3,5.3,344.2,81.2,581454.2,5074402.2
6455,TSHE,18.0,6.7,339.3,86.3,581449.3,5074407.3
6462,PSME,79.7,38.6,343.8,100.0,581453.8,5074421.0
6463,PSME,80.7,7.0,335.3,99.4,581445.3,5074420.4
6469,TABR,8.9,3.3,333.1,85.2,581443.1,5074406.2
6472,TABR,6.0,4.5,336.5,81.7,581446.5,5074402.7
6474,TABR,8.5,2.9,338.3,80.8,581448.3,5074401.8
6475,TABR,8.6,3.0,340.6,78.6,581450.6,5074399.6
6477,TABR,5.7,2.1,342.5,76.5,581452.5,5074397.5
6485,TSHE,99.0,19.7,348.2,63.4,581458.2,5074384.4
6487,THPL,31.2,10.9,344.2,60.1,581454.2,5074381.1
6491,PSME,70.2,14.6,330.2,52.0,581440.2,5074373.0
6492,PSME,95.5,19.1,327.6,53.4,581437.6,5074374.4
6497,TABR,7.6,3.4,332.0,73.3,581442.0,5074394.3
6539,TSHE,48.4,5.0,313.2,82.8,581423.2,5074403.8
6540,TSHE,10.4,2.4,312.4,87.8,581422.4,5074408.8
6548,ABGR,24.2,6.7,300.9,82.7,581410.9,5074403.7
6572,TABR,6.3,4.0,304.4,56.4,581414.4,5074377.4
6590,TABR,26.3,3.4,292.9,86.7,581402.9,5074407.7
6592,TABR,12.6,6.5,296.6,83.6,581406.6,5074404.6
6598,PIMO,68.1,38.4,294.9,77.0,581404.9,5074398.0
6603,PIMO,85.1,35.0,282.1,75.2,581392.1,5074396.2
6606,TSHE,87.9,36.7,276.9,79.5,581386.9,5074400.5
6624,TABR,9.0,6.4,297.6,57.0,581407.6,5074378.0
6637,TSHE,125.3,6.4,265.1,73.1,581375.1,5074394.1
6658,PIMO,74.6,48.0,264.2,61.7,581374.2,5074382.7
6668,TSHE,22.4,13.9,260.7,56.7,581370.7,5074377.7
6671,TABR,17.9,5.6,251.8,65.3,581361.8,5074386.3
6694,PSME,128.2,7.3,258.8,83.2,581368.8,5074404.2
6701,TSHE,52.4,15.5,257.5,86.6,581367.5,5074407.6
6711,TABR,17.5,5.7,242.3,96.7,581352.3,5074417.7
6715,PIMO,48.7,15.0,233.3,91.5,581343.3,5074412.5
6716,TABR,15.6,8.3,231.4,89.4,581341.4,5074410.4
6717,TABR,24.5,9.8,228.9,89.3,581338.9,5074410.3
6755,TABR,15.7,5.6,217.9,94.0,581327.9,5074415.0
6763,PSME,51.7,22.9,210.3,76.2,581320.3,5074397.2
6770,PSME,78.1,7.0,206.3,92.7,581316.3,5074413.7
6790,PSME,137.4,11.8,213.9,62.7,581323.9,5074383.7
6837,TSHE,7.2,3.8,184.3,62.2,581294.3,5074383.2
6845,PSME,48.7,9.9,198.1,99.5,581308.1,5074420.5
6847,PSME,70.8,9.0,194.5,98.9,581304.5,5074419.9
6850,ABAM,6.1,3.4,185.0,97.6,581295.0,5074418.6
6852,ABAM,5.9,3.6,186.5,96.6,581296.5,5074417.6
6861,PSME,77.0,8.4,184.2,83.3,581294.2,5074404.3
6887,PSME,45.3,13.2,158.0,80.3,581268.0,5074401.3
6888,PSME,51.1,7.5,157.2,79.4,581267.2,5074400.4
6892,PSME,65.3,3.4,154.2,88.5,581264.2,5074409.5
6902,TABR,5.9,2.9,173.7,71.7,581283.7,5074392.7
6906,TABR,11.9,4.4,161.0,67.4,581271.0,5074388.4
6913,TABR,62.7,5.7,171.1,53.7,581281.1,5074374.7
6919,PSME,53.9,4.8,153.9,57.8,581263.9,5074378.8
6927,TABR,17.0,7.4,140.6,74.3,581250.6,5074395.3
6951,PSME,67.3,9.3,128.7,72.9,581238.7,5074393.9
6956,CONU,8.5,2.3,125.4,72.5,581235.4,5074393.5
6960,PSME,107.0,6.6,144.7,95.5,581254.7,5074416.5
6963,ABGR,25.1,20.1,138.7,98.9,581248.7,5074419.9
6976,PSME,57.1,29.2,145.6,83.0,581255.6,5074404.0
6980,PSME,81.5,8.3,136.2,79.2,581246.2,5074400.2
6983,PSME,59.8,6.1,127.6,79.1,581237.6,5074400.1
6992,PSME,63.8,2.6,121.1,98.0,581231.1,5074419.0
7000,TABR,12.5,2.6,113.3,91.0,581223.3,5074412.0
7003,PSME,61.9,5.8,119.3,92.6,581229.3,5074413.6
7007,TABR,5.2,2.4,119.0,87.3,581229.0,5074408.3
7010,PSME,65.6,6.5,123.3,77.3,581233.3,5074398.3
7029,PSME,74.4,5.4,119.4,67.8,581229.4,5074388.8
7031,PSME,81.5,7.9,121.6,58.8,581231.6,5074379.8
7034,PSME,92.5,9.5,120.1,54.3,581230.1,5074375.3
7040,TABR,7.1,5.1,111.4,61.2,581221.4,5074382.2
7043,TSHE,7.1,3.0,109.6,57.5,581219.6,5074378.5
7056,PSME,75.8,12.0,98.0,73.4,581208.0,5074394.4
7059,TABR,8.0,7.4,91.8,69.7,581201.8,5074390.7
7063,PSME,81.5,35.5,94.7,67.4,581204.7,5074388.4
7077,TABR,6.8,2.3,99.5,97.9,581209.5,5074418.9
7082,TABR,5.0,3.1,94.5,89.4,581204.5,5074410.4
7084,PSME,91.9,45.1,91.0,86.4,581201.0,5074407.4
7085,PSME,76.1,12.0,93.5,87.3,581203.5,5074408.3
7117,TSHE,7.7,3.4,71.9,98.2,581181.9,5074419.2
7120,PSME,110.0,12.8,91.0,94.2,581201.0,5074415.2
7121,PSME,95.0,39.8,91.7,94.0,581201.7,5074415.0
7145,TABR,6.0,2.2,53.5,91.3,581163.5,5074412.3
7146,TABR,6.3,2.9,52.0,93.1,581162.0,5074414.1
7160,PSME,77.1,12.9,51.3,59.8,581161.3,5074380.8
7190,PSME,73.9,7.3,33.6,62.5,581143.6,5074383.5
7199,PSME,53.3,3.2,47.3,98.1,581157.3,5074419.1
7203,PSME,60.9,5.8,45.6,93.5,581155.6,5074414.5
7208,TABR,8.2,3.3,46.5,85.4,581156.5,5074406.4
7210,TABR,20.2,4.0,47.2,83.9,581157.2,5074404.9
7224,TSHE,5.5,3.2,30.1,90.0,581140.1,5074411.0
7226,TSHE,18.1,5.0,34.2,88.1,581144.2,5074409.1
7227,TABR,16.4,6.1,36.0,89.9,581146.0,5074410.9
7247,TABR,17.2,8.2,13.1,92.1,581123.1,5074413.1
7254,TSHE,15.0,7.3,8.0,89.9,581118.0,5074410.9
7271,PIMO,51.6,10.7,8.1,53.4,581118.1,5074374.4
7305,TSHE,32.6,11.8,14.0,45.0,581124.0,5074366.0
7313,TSHE,16.3,6.2,17.9,26.0,581127.9,5074347.0
7314,PSME,132.6,30.5,14.6,30.6,581124.6,5074351.6
7329,TSHE,30.8,6.0,9.1,22.0,581119.1,5074343.0
7332,TSHE,11.2,5.5,12.7,21.2,581122.7,5074342.2
7348,TSHE,14.6,9.7,4.0,14.1,581114.0,5074335.1
7353,TABR,25.5,13.8,6.9,8.7,581116.9,5074329.7
7367,PSME,74.8,26.7,47.4,5.8,581157.4,5074326.8
7375,PSME,101.1,17.5,33.5,10.8,581143.5,5074331.8
7391,TABR,7.8,2.9,29.5,26.3,581139.5,5074347.3
7437,PSME,83.2,12.1,63.5,29.8,581173.5,5074350.8
7439,PSME,99.2,32.0,73.7,25.2,581183.7,5074346.2
7460,PSME,77.6,16.0,74.1,23.1,581184.1,5074344.1
7471,PSME,71.5,23.8,59.1,15.8,581169.1,5074336.8
7477,PSME,69.2,6.1,51.5,10.1,581161.5,5074331.1
7478,PSME,93.8,25.6,56.7,9.1,581166.7,5074330.1
7480,TABR,22.1,5.6,59.9,2.1,581169.9,5074323.1
7485,PSME,72.5,9.4,76.8,15.3,581186.8,5074336.3
7494,TSHE,7.7,6.9,95.1,9.9,581205.1,5074330.9
7498,TSHE,6.0,2.3,90.3,12.9,581200.3,5074333.9
7520,TABR,11.3,5.0,104.5,42.7,581214.5,5074363.7
7529,PSME,89.4,8.8,98.6,40.8,581208.6,5074361.8
7531,PSME,69.0,20.0,98.5,48.8,581208.5,5074369.8
7558,ABAM,72.0,16.5,103.5,21.0,581213.5,5074342.0
7596,TABR,6.9,3.1,147.5,20.6,581257.5,5074341.6
7608,ABAM,48.3,3.1,135.1,13.6,581245.1,5074334.6
7621,PSME,109.7,55.0,176.0,38.5,581286.0,5074359.5
7622,TABR,11.8,4.2,162.7,38.1,581272.7,5074359.1
7637,PSME,125.3,29.7,147.8,48.1,581257.8,5074369.1
7649,ABAM,50.2,13.7,155.8,45.9,581265.8,5074366.9
7660,TSHE,47.9,26.5,173.4,25.2,581283.4,5074346.2
7664,ABGR,45.6,38.3,159.9,33.1,581269.9,5074354.1
7670,PSME,95.2,41.5,164.5,20.6,581274.5,5074341.6
7676,TABR,5.6,2.4,155.4,29.6,581265.4,5074350.6
7681,TABR,7.6,3.1,167.2,10.4,581277.2,5074331.4
7687,TSHE,8.0,2.5,171.0,0.1,581281.0,5074321.1
7702,ABGR,22.5,8.1,200.4,0.7,581310.4,5074321.7
7713,TABR,11.6,7.1,190.5,15.7,581300.5,5074336.7
7721,ABGR,50.0,26.7,195.3,15.9,581305.3,5074336.9
7726,ABAM,5.8,3.4,180.5,26.2,581290.5,5074347.2
7735,PIMO,110.6,40.3,202.0,42.4,581312.0,5074363.4
7740,PSME,87.9,46.8,189.8,30.7,581299.8,5074351.7
7741,PSME,86.4,46.6,189.6,32.9,581299.6,5074353.9
7752,PSME,57.2,18.3,201.6,40.8,581311.6,5074361.8
7767,PSME,71.3,13.0,209.3,41.9,581319.3,5074362.9
7770,PSME,65.5,8.3,216.5,32.5,581326.5,5074353.5
8001,TABR,14.3,7.0,236.6,2.0,581346.6,5074323.0
8006,TSHE,5.9,3.6,246.3,6.2,581356.3,5074327.2
8014,PSME,96.5,16.5,233.8,15.0,581343.8,5074336.0
8031,PSME,86.6,44.4,231.7,42.2,581341.7,5074363.2
8064,TABR,7.7,6.3,264.2,42.5,581374.2,5074363.5
8067,TABR,33.5,2.5,247.6,45.4,581357.6,5074366.4
8071,TSHE,7.8,2.5,240.4,43.0,581350.4,5074364.0
8077,ABAM,12.9,7.2,260.8,42.4,581370.8,5074363.4
8089,TABR,11.7,2.9,257.0,33.5,581367.0,5074354.5
8091,PSME,114.0,9.8,270.2,18.3,581380.2,5074339.3
8114,TABR,8.1,3.4,275.0,31.4,581385.0,5074352.4
8126,PSME,100.8,29.7,303.7,46.2,581413.7,5074367.2
8139,PSME,86.7,26.5,264.9,8.0,581374.9,5074329.0
8146,PSME,120.1,8.4,301.2,2.3,581411.2,5074323.3
8166,PIMO,77.3,49.0,286.4,31.1,581396.4,5074352.1
8172,PSME,119.2,7.2,295.0,36.7,581405.0,5074357.7
8177,ABAM,15.3,11.2,294.0,45.6,581404.0,5074366.6
8199,PSME,108.0,19.1,317.5,46.1,581427.5,5074367.1
8204,TABR,6.6,3.7,319.6,41.7,581429.6,5074362.7
8209,PSME,106.1,28.3,308.1,41.3,581418.1,5074362.3
8221,PSME,66.5,21.5,318.2,35.0,581428.2,5074356.0
8238,PSME,67.6,16.2,330.3,50.3,581440.3,5074371.3
8240,PSME,56.3,7.4,333.4,47.8,581443.4,5074368.8
8241,PSME,92.0,8.5,332.3,45.2,581442.3,5074366.2
8243,TABR,7.8,3.5,336.3,49.7,581446.3,5074370.7
8252,ABGR,57.9,16.7,307.2,22.4,581417.2,5074343.4
8255,ABGR,59.5,35.5,312.2,19.3,581422.2,5074340.3
8256,ABGR,44.2,35.8,312.7,17.5,581422.7,5074338.5
8282,TABR,9.7,4.4,348.6,46.5,581458.6,5074367.5
8303,TABR,9.3,5.3,334.9,34.0,581444.9,5074355.0
8307,TABR,12.7,6.3,341.4,30.7,581451.4,5074351.7
8314,PSME,122.0,21.6,348.3,35.6,581458.3,5074356.6
8315,TSHE,12.5,7.5,347.9,33.1,581457.9,5074354.1
8327,ABAM,62.5,13.6,325.5,23.4,581435.5,5074344.4
8347,TABR,7.8,2.6,346.2,8.3,581456.2,5074329.3
8353,TABR,10.7,3.0,341.0,7.0,581451.0,5074328.0
8355,TSHE,6.9,2.6,338.1,8.9,581448.1,5074329.9
8382,TSHE,7.5,3.1,368.3,20.6,581478.3,5074341.6
8392,TABR,8.2,4.4,353.9,20.3,581463.9,5074341.3
8398,TABR,11.8,4.8,356.7,34.3,581466.7,5074355.3
8400,TABR,13.6,5.0,351.6,36.7,581461.6,5074357.7
8424,TSHE,54.9,6.0,384.0,48.7,581494.0,5074369.7
8442,PSME,71.9,13.5,392.5,38.0,581502.5,5074359.0
9243,PSME,59.7,2.4,145.4,128.3,581255.4,5074449.3
9245,PSME,69.7,4.6,183.4,139.0,581293.4,5074460.0
9246,PSME,90.5,4.0,195.0,158.6,581305.0,5074479.6
9247,PSME,90.1,3.2,183.9,154.0,581293.9,5074475.0
9248,UNK,40.9,3.0,174.4,170.0,581284.4,5074491.0
9249,PSME,26.7,3.3,105.7,174.3,581215.7,5074495.3
9250,PSME,62.4,2.6,195.3,171.7,581305.3,5074492.7
9251,PSME,38.5,12.9,182.9,284.3,581292.9,5074605.3
9252,PSME,33.4,2.4,177.5,282.9,581287.5,5074603.9
9254,TSHE,12.0,2.4,30.3,277.7,581140.3,5074598.7
